Ticket_ID,Customer_Name,Customer_Email,Ticket_Subject,Ticket_Description,Issue_Category,Priority_Level,Ticket_Channel,Submission_Date,Resolution_Time_Hours,Assigned_Agent,Satisfaction_Score,Ticket_Closure_Date,SLA_Target_Hours,SLA_Status
TKT-100000,"George Simon",lisastrickland@example.com,"Hours of operation - Individual","Hi Support, Where is your headquarters located? Lay soon message show know main.","General Inquiry",High,"Web Form",2025-07-02,43,"David Kim",5,2025-07-03,48,SLA_Met
TKT-100001,"Scott Thompson",wevans@example.org,"Data not syncing - Card","Hi Support, The application crashes every time I open the settings tab. Speech wall six hour book.",Technical,High,Chat,2025-06-28,41,"Elena Rodriguez",5,2025-06-29,48,SLA_Met
TKT-100002,"Jennifer Smith",oleonard@example.net,"2FA issues - Question","Hi Support, How do I upgrade to the Enterprise plan? Close stand street wear your her.",Account,High,"Web Form",2025-02-05,7,"Anya Sharma",5,2025-02-05,48,SLA_Met
TKT-100003,"Rachel Bullock",katherine67@example.net,"Login failed - Let","Hi Support, The dashboard is not loading any data, just a spinning wheel. Raise third recently turn.",Technical,Low,"Web Form",2025-03-20,41,"Anya Sharma",5,2025-03-21,96,SLA_Met
TKT-100004,"Thomas Parks DDS",raykelsey@example.com,"Refund status - Attention","Hi Support, I have been trying to update my payment method but it keeps failing. Study talk teach.",Billing,Medium,Email,2025-04-27,40,"David Kim",5,2025-04-28,72,SLA_Met
TKT-100005,"Ashley Stewart",gibsonrose@example.com,"Office location - National","Hi Support, Where is your headquarters located? During sign over president nothing peace.","General Inquiry",Medium,Chat,2025-10-02,23,"Elena Rodriguez",4,2025-10-02,72,SLA_Met
TKT-100006,"Ashley Bennett",gfox@example.org,"Password reset - Body","Hi Support, How do I upgrade to the Enterprise plan? Effect bad upon edge wall.",Account,Medium,Chat,2024-09-28,106,"David Kim",3,2024-10-02,72,SLA_Breached
TKT-100007,"Travis Blanchard",francismegan@example.net,"Payment failed - Win","Hi Support, My subscription renewed automatically, but I wanted to cancel. Grow soldier minute capital matter.",Billing,Medium,Email,2024-10-26,27,"David Kim",1,2024-10-27,72,SLA_Met
TKT-100008,"Lisa Thornton",Ashley.Mccarthy@tech.io,"Login failed - Son","Hi Support, I cannot log into my account even after resetting the password. Direction want class cut.",Technical,High,"Web Form",2025-04-29,65,"David Kim",4,2025-05-01,48,SLA_Breached
TKT-100009,"Richard Brewer",hjacobson@example.com,"Product question - Market","Hi Support, Is there a roadmap for new features this year? Center threat side know fall.","General Inquiry",Low,"Web Form",2024-06-30,110,"Ben Carter",3,2024-07-04,96,SLA_Breached
TKT-100010,"Christopher King DDS",kabbott@example.net,"Product question - Care","Hi Support, Where is your headquarters located? Employee play school pick size stand say.","General Inquiry",Low,Email,2024-09-13,92,"Chloe Adams",4,2024-09-16,96,SLA_Met
TKT-100011,"Jason Taylor",robert09@example.org,"2FA issues - Professor","Hi Support, I want to permanently delete my account and data. Our industry system then realize type purpose.",Account,Low,Chat,2025-03-17,64,"David Kim",5,2025-03-19,96,SLA_Met
TKT-100012,"Julie Davenport",Jennifer.Landry@enterprise.org,"Login failed - Surface","Hi Support, My data hasn't synced to the cloud for 24 hours. Man walk magazine power station wife.",Technical,Critical,"Web Form",2025-12-08,10,"Anya Sharma",5,2025-12-08,24,SLA_Met
TKT-100013,"Rick Monroe",flee@example.net,"Hours of operation - May","Hi Support, What are your support operating hours? Safe down affect after her business wonder.","General Inquiry",Medium,Email,2024-09-02,20,"David Kim",4,2024-09-02,72,SLA_Met
TKT-100014,"Whitney Aguilar",jeanette05@example.net,"Payment failed - Close","Hi Support, I requested a refund 5 days ago, where is it? Enough building life western same remember week.",Billing,Low,Chat,2024-01-11,5,"Anya Sharma",3,2024-01-11,96,SLA_Met
TKT-100015,"Gina Miller",Karen.Dickson@enterprise.org,"Feature request - Seven","Hi Support, Is there a roadmap for new features this year? Word style quickly end similar.","General Inquiry",Low,Email,2024-06-25,49,"Chloe Adams",4,2024-06-27,96,SLA_Met
TKT-100016,"Robert Bean",Melissa.White@company.com,"Demo request - Ten","Hi Support, How does the team pricing tier work? Fight nation cup building military.","General Inquiry",Low,Chat,2024-11-11,9,"Anya Sharma",5,2024-11-11,96,SLA_Met
TKT-100017,"Larry Velez",johnwatts@example.net,"Subscription upgrade - Understand","Hi Support, My profile picture is not updating. Call them tend stay question four this experience.",Account,Low,"Web Form",2025-02-25,5,"Elena Rodriguez",5,2025-02-25,96,SLA_Met
TKT-100018,"Harold Wilson",andersonbarbara@example.com,"Refund status - Receive","Hi Support, Can you send me the invoice for transaction #99283? Involve bar significant race southern.",Billing,Low,Chat,2025-10-26,24,"Ben Carter",1,2025-10-27,96,SLA_Met
TKT-100019,"Jason Miller",dunnderek@example.com,"Invoice discrepancy - System","Hi Support, Why is my bill higher than the agreed amount? For thing service support popular southern.",Billing,Medium,Chat,2025-08-14,15,"Anya Sharma",5,2025-08-14,72,SLA_Met
TKT-100020,"Patricia Gill",jsharp@example.org,"Profile update - Scientist","Hi Support, I want to permanently delete my account and data. Recently factor mother because open himself.",Account,Medium,Email,2025-07-26,14,"David Kim",5,2025-07-26,72,SLA_Met
TKT-100021,"Sharon Davis",simpsonaustin@example.net,"Change email - Them","Hi Support, I lost my phone and cannot pass the 2FA check. Sister short social movement ok response do.",Account,Medium,"Web Form",2024-05-01,2,"Chloe Adams",1,2024-05-01,72,SLA_Met
TKT-100022,"Sharon Bullock",lisa92@example.com,"Office location - Decision","Hi Support, Do you offer a discount for non-profits? Fill so day conference week goal language.","General Inquiry",Low,Chat,2024-02-15,120,"David Kim",4,2024-02-20,96,SLA_Breached
TKT-100023,"James Gill",erin39@example.com,"2FA issues - Land","Hi Support, I am not receiving the password reset email. Seek bar piece news single.",Account,Low,Email,2025-09-12,23,"Ben Carter",4,2025-09-12,96,SLA_Met
TKT-100024,"Anthony Alvarado",emma96@example.net,"Hours of operation - Adult","Hi Support, How does the team pricing tier work? Season task trial structure debate.","General Inquiry",Low,"Web Form",2025-06-30,55,"David Kim",2,2025-07-02,96,SLA_Met
TKT-100025,"Tara Davis",hernandezmathew@example.org,"Product question - Concern","Hi Support, I would like to request a demo for my team. Drive indicate usually music lot at.","General Inquiry",Medium,"Web Form",2024-01-16,120,"Ben Carter",5,2024-01-21,72,SLA_Breached
TKT-100026,"Adrian Frey",James.Henderson@tech.io,"Update credit card - Film","Hi Support, My subscription renewed automatically, but I wanted to cancel. Happen hard ahead discover.",Billing,Medium,Chat,2025-06-22,56,"Ben Carter",5,2025-06-24,72,SLA_Met
TKT-100027,"Allen Buchanan",Sophia.Vazquez@enterprise.org,"Login failed - Operation","Hi Support, How do I install the latest patch on Windows 11? Even continue floor morning tax girl.",Technical,Low,"Web Form",2024-12-25,37,"Ben Carter",5,2024-12-26,96,SLA_Met
TKT-100028,"Elizabeth Boyd",David.Lewis@company.com,"Screen freezes - Make","Hi Support, How do I install the latest patch on Windows 11? College help miss determine.",Technical,Medium,Chat,2024-10-04,12,"Chloe Adams",5,2024-10-04,72,SLA_Met
TKT-100029,"Deborah Roberts",cannonalex@example.com,"Profile update - Start","Hi Support, I want to permanently delete my account and data. Ok cause future citizen with.",Account,Low,Email,2024-10-25,120,"David Kim",3,2024-10-30,96,SLA_Breached
TKT-100030,"Amy West",bushcynthia@example.net,"Office location - Attention","Hi Support, Is there a roadmap for new features this year? Attention avoid himself your.","General Inquiry",Medium,"Web Form",2025-07-15,7,"Ben Carter",3,2025-07-15,72,SLA_Met
TKT-100031,"Justin Duncan",Thomas.Morgan@company.com,"Pricing tiers - Collection","Hi Support, How does the team pricing tier work? Make step him.","General Inquiry",Low,Chat,2025-01-04,36,"Ben Carter",4,2025-01-05,96,SLA_Met
TKT-100032,"Adam Phillips",Mark.Fitzgerald@enterprise.org,"API Error 500 - However","Hi Support, I cannot log into my account even after resetting the password. Author provide require require.",Technical,Medium,Email,2025-03-05,44,"Anya Sharma",2,2025-03-06,72,SLA_Met
TKT-100033,"Timothy Byrd",dana19@example.net,"Office location - Question","Hi Support, What are your support operating hours? Political time it prevent performance operation war.","General Inquiry",Low,"Web Form",2025-06-11,13,"Elena Rodriguez",4,2025-06-11,96,SLA_Met
TKT-100034,"Robert Singleton",Joshua.Cross@tech.io,"API Error 500 - Blue","Hi Support, The application crashes every time I open the settings tab. Color pattern operation citizen continue management.",Technical,Low,Email,2024-04-13,120,"Chloe Adams",4,2024-04-18,96,SLA_Breached
TKT-100035,"Carrie Hodges",Brian.Smith@tech.io,"Subscription upgrade - Against","Hi Support, Please help me change the email address associated with my account. Really generation fight increase take.",Account,Medium,"Web Form",2024-08-29,19,"David Kim",5,2024-08-29,72,SLA_Met
TKT-100036,"Caroline Miller",staceymeyer@example.net,"Phishing attempt - Close","Hi Support, I received a suspicious email claiming to be support. Technology his want growth plan style.",Fraud,High,Chat,2025-06-13,12,"Ben Carter",2,2025-06-13,48,SLA_Met
TKT-100037,"Charles Wu",Ashley.Hanson@tech.io,"Refund status - Box","Hi Support, Can you send me the invoice for transaction #99283? Mother change material research friend college these.",Billing,Low,Email,2025-08-04,22,"Elena Rodriguez",4,2025-08-04,96,SLA_Met
TKT-100038,"Vernon Holloway",smithalexander@example.com,"Pricing tiers - The","Hi Support, I would like to request a demo for my team. Too practice reflect long book really model.","General Inquiry",Low,"Web Form",2025-06-28,80,"Elena Rodriguez",2,2025-07-01,96,SLA_Met
TKT-100039,"Jessica Hoover",erinmyers@example.org,"Stolen card - Music","Hi Support, I received a suspicious email claiming to be support. Water think campaign town discussion worker environmental employee.",Fraud,Critical,"Web Form",2024-06-28,13,"Elena Rodriguez",1,2024-06-28,24,SLA_Met
TKT-100040,"Brian Miller",webbdaniel@example.net,"Suspicious charge - With","Hi Support, I noticed a double charge on my statement for last month. No glass marriage attorney explain production interesting.",Billing,High,"Web Form",2025-11-21,14,"Elena Rodriguez",1,2025-11-21,48,SLA_Met
TKT-100041,"David Ortega",tsalas@example.org,"Product question - Five","Hi Support, Do you offer a discount for non-profits? Say hospital specific car at.","General Inquiry",Medium,Email,2024-02-27,33,"Chloe Adams",2,2024-02-28,72,SLA_Met
TKT-100042,"Elijah Schultz",pamelacampbell@example.org,"Refund status - Want","Hi Support, I noticed a double charge on my statement for last month. Room employee at west eat per.",Billing,Medium,"Web Form",2025-09-12,21,"Elena Rodriguez",4,2025-09-12,72,SLA_Met
TKT-100043,"David Bryant",Adam.Bennett@tech.io,"Login failed - Begin","Hi Support, The dashboard is not loading any data, just a spinning wheel. Those guy stand charge read.",Technical,Medium,Email,2025-07-30,105,"Elena Rodriguez",1,2025-08-03,72,SLA_Breached
TKT-100044,"Brittany Ramirez",Christopher.Martinez@company.com,"Update credit card - Win","Hi Support, Can you send me the invoice for transaction #99283? Civil about join college including speak single.",Billing,Low,Chat,2024-03-18,34,"Anya Sharma",4,2024-03-19,96,SLA_Met
TKT-100045,"Jennifer Miller",njohnson@example.com,"Phishing attempt - Thousand","Hi Support, I received a suspicious email claiming to be support. Any pass into organization series week cold.",Fraud,Critical,Chat,2024-10-30,4,"Elena Rodriguez",1,2024-10-30,24,SLA_Met
TKT-100046,"Susan Vargas",joseph41@example.net,"Feature request - Full","Hi Support, Do you offer a discount for non-profits? Company notice tell.","General Inquiry",Medium,"Web Form",2024-12-09,114,"Chloe Adams",4,2024-12-13,72,SLA_Breached
TKT-100047,"Allison Ritter",sarahberry@example.net,"Login failed - Career","Hi Support, How do I install the latest patch on Windows 11? Program senior sister consumer sea especially scene.",Technical,Medium,"Web Form",2025-08-02,3,"David Kim",5,2025-08-02,72,SLA_Met
TKT-100048,"Eric Castillo",jbryant@example.org,"Payment failed - Common","Hi Support, My subscription renewed automatically, but I wanted to cancel. Vote issue suddenly head head.",Billing,Medium,Chat,2025-06-08,39,"Elena Rodriguez",5,2025-06-09,72,SLA_Met
TKT-100049,"Ethan Jones",wblankenship@example.org,"Product question - Baby","Hi Support, Do you offer a discount for non-profits? Ball campaign agreement right knowledge give great even.","General Inquiry",Medium,Email,2024-11-03,19,"Chloe Adams",3,2024-11-03,72,SLA_Met
TKT-100050,"Charles Dodson",flopez@example.org,"Demo request - Something","Hi Support, How does the team pricing tier work? Baby decide plant forward.","General Inquiry",High,"Web Form",2025-09-24,28,"Elena Rodriguez",5,2025-09-25,48,SLA_Met
TKT-100051,"Veronica Jacobson",Michael.Foley@tech.io,"Update credit card - Air","Hi Support, Why is my bill higher than the agreed amount? Rest form follow common.",Billing,Low,Email,2024-10-10,19,"Elena Rodriguez",3,2024-10-10,96,SLA_Met
TKT-100052,"Theodore Garcia",ustewart@example.net,"Product question - Medical","Hi Support, What are your support operating hours? Environment hard care specific just.","General Inquiry",Low,Chat,2024-01-20,120,"Ben Carter",5,2024-01-25,96,SLA_Breached
TKT-100053,"Mason Singleton",huffchristine@example.net,"Login failed - Some","Hi Support, The dashboard is not loading any data, just a spinning wheel. Role perform left.",Technical,High,Chat,2025-05-22,3,"Anya Sharma",4,2025-05-22,48,SLA_Met
TKT-100054,"Helen Collins",perezjonathan@example.net,"Pricing tiers - Agree","Hi Support, Is there a roadmap for new features this year? Into a risk.","General Inquiry",Medium,Email,2024-05-31,9,"Elena Rodriguez",5,2024-05-31,72,SLA_Met
TKT-100055,"Jill Charles",Mark.Walker@enterprise.org,"Change email - A","Hi Support, I am not receiving the password reset email. Soldier TV indeed inside.",Account,Low,"Web Form",2025-12-05,10,"Chloe Adams",4,2025-12-05,96,SLA_Met
TKT-100056,"Haley Anderson",penny55@example.net,"Installation issue - Center","Hi Support, How do I install the latest patch on Windows 11? Public degree war thought.",Technical,Critical,"Web Form",2025-07-05,23,"Chloe Adams",5,2025-07-05,24,SLA_Met
TKT-100057,"Krista Lewis",fwhite@example.org,"Stolen card - Represent","Hi Support, I think my account has been compromised. Night body perform.",Fraud,High,Chat,2024-05-26,22,"Anya Sharma",4,2024-05-26,48,SLA_Met
TKT-100058,"Logan Barrera",marcus47@example.com,"Delete account - Focus","Hi Support, I am not receiving the password reset email. Inside somebody course.",Account,Medium,Email,2024-07-03,13,"Anya Sharma",5,2024-07-03,72,SLA_Met
TKT-100059,"Michael Rodriguez",rachaelfletcher@example.net,"Charged twice - Either","Hi Support, I have been trying to update my payment method but it keeps failing. Until American body past police old probably.",Billing,Medium,Chat,2025-10-28,25,"David Kim",3,2025-10-29,72,SLA_Met
TKT-100060,"Mrs. Deborah Hansen",kenneth75@example.net,"Login failed - About","Hi Support, The application crashes every time I open the settings tab. Team room character.",Technical,Medium,Chat,2024-03-14,110,"Anya Sharma",5,2024-03-18,72,SLA_Breached
TKT-100061,"Teresa Walton",xnavarro@example.net,"Screen freezes - Whose","Hi Support, We are receiving a 500 Internal Server Error on the API endpoint. Hundred down minute range.",Technical,Critical,Chat,2025-12-24,18,"Ben Carter",5,2025-12-24,24,SLA_Met
TKT-100062,"Debra Mendez",torresjuan@example.org,"Login failed - Voice","Hi Support, The application crashes every time I open the settings tab. Serve read room husband bad huge nation.",Technical,High,Email,2025-09-01,2,"Ben Carter",3,2025-09-01,48,SLA_Met
TKT-100063,"Scott Pearson",dixonjohn@example.com,"Suspicious charge - Within","Hi Support, My subscription renewed automatically, but I wanted to cancel. Six around point dream manager season ok.",Billing,Low,Chat,2024-10-03,61,"Ben Carter",3,2024-10-05,96,SLA_Met
TKT-100064,"Andrew Mitchell",Jennifer.Wilson@enterprise.org,"Office location - Recognize","Hi Support, Do you offer a discount for non-profits? College sister simply them fine relate.","General Inquiry",Low,"Web Form",2025-01-07,12,"Ben Carter",5,2025-01-07,96,SLA_Met
TKT-100065,"Pamela Carter",vmorgan@example.net,"Account hacked - Tough","Hi Support, Lock my account immediately, I see transactions I didn't make. Share son next way raise population.",Fraud,High,"Web Form",2024-04-26,4,"Elena Rodriguez",5,2024-04-26,48,SLA_Met
TKT-100066,"Robert Warner",Monica.Bailey@company.com,"Refund status - Attorney","Hi Support, Why is my bill higher than the agreed amount? Believe again anything argue million join.",Billing,Medium,Email,2024-05-29,120,"Elena Rodriguez",2,2024-06-03,72,SLA_Breached
TKT-100067,"Brandi Murray",randy49@example.org,"Payment failed - Table","Hi Support, I requested a refund 5 days ago, where is it? See direction memory night.",Billing,Low,Email,2024-06-25,12,"Anya Sharma",2,2024-06-25,96,SLA_Met
TKT-100068,"Bob Johnson",vtapia@example.net,"Refund status - Audience","Hi Support, I noticed a double charge on my statement for last month. Sound could case light imagine.",Billing,Low,Chat,2024-07-07,26,"David Kim",1,2024-07-08,96,SLA_Met
TKT-100069,"Anthony Mcmahon",Michael.Baker@enterprise.org,"Invoice discrepancy - Mention","Hi Support, Can you send me the invoice for transaction #99283? Cold and song detail.",Billing,Low,Chat,2024-07-07,23,"David Kim",1,2024-07-07,96,SLA_Met
TKT-100070,"Sheila Thomas",Nicole.Phillips@company.com,"API Error 500 - Prevent","Hi Support, I cannot log into my account even after resetting the password. Next picture official billion tough.",Technical,Medium,Email,2025-09-26,61,"Chloe Adams",5,2025-09-28,72,SLA_Met
TKT-100071,"Heather Bennett",uparker@example.org,"API Error 500 - Raise","Hi Support, The application crashes every time I open the settings tab. Politics standard effect figure consumer.",Technical,Medium,Email,2024-06-15,120,"Elena Rodriguez",2,2024-06-20,72,SLA_Breached
TKT-100072,"Dr. Robert Robinson",gilesharry@example.org,"Demo request - Move","Hi Support, Where is your headquarters located? Mission sea art threat bit call lawyer.","General Inquiry",Low,Email,2025-05-16,120,"Anya Sharma",2,2025-05-21,96,SLA_Breached
TKT-100073,"Justin Walton",rmartin@example.org,"Update credit card - Middle","Hi Support, Why is my bill higher than the agreed amount? Provide issue everyone Democrat.",Billing,High,Chat,2024-08-24,24,"Chloe Adams",2,2024-08-25,48,SLA_Met
TKT-100074,"Amber Thompson",tyoung@example.com,"Data not syncing - Her","Hi Support, I cannot log into my account even after resetting the password. Author city difference.",Technical,Critical,"Web Form",2024-11-01,19,"Elena Rodriguez",5,2024-11-01,24,SLA_Met
TKT-100075,"George Kennedy",Linda.Campbell@company.com,"Screen freezes - Amount","Hi Support, How do I install the latest patch on Windows 11? Must significant air behavior everybody start.",Technical,High,Chat,2025-07-03,74,"David Kim",5,2025-07-06,48,SLA_Breached
TKT-100076,"Bruce Barry",Jennifer.Barker@company.com,"Data not syncing - Bank","Hi Support, How do I install the latest patch on Windows 11? Stand rather under decade war line history.",Technical,High,"Web Form",2025-03-08,16,"David Kim",5,2025-03-08,48,SLA_Met
TKT-100077,"Johnny Neal",okerr@example.net,"Login failed - Improve","Hi Support, How do I install the latest patch on Windows 11? Father few goal else.",Technical,High,"Web Form",2024-10-03,7,"David Kim",4,2024-10-03,48,SLA_Met
TKT-100078,"Brian Barnes",weavereric@example.org,"Payment failed - Play","Hi Support, Can you send me the invoice for transaction #99283? Impact million husband worker.",Billing,High,Chat,2025-08-26,52,"David Kim",5,2025-08-28,48,SLA_Breached
TKT-100079,"Taylor Wilson",Lauren.Edwards@tech.io,"Refund status - Apply","Hi Support, My subscription renewed automatically, but I wanted to cancel. Attorney data pattern room.",Billing,Low,"Web Form",2025-05-18,7,"Elena Rodriguez",3,2025-05-18,96,SLA_Met
TKT-100080,"Joshua Booth",marvinscott@example.net,"Subscription upgrade - Family","Hi Support, My profile picture is not updating. Dream end show teach shoulder.",Account,Medium,Email,2024-11-08,6,"Elena Rodriguez",3,2024-11-08,72,SLA_Met
TKT-100081,"Amber Chapman",philipclark@example.org,"Unrecognized login - Late","Hi Support, Why is there a new device added to my trusted list? Late yes upon set half trip white.",Fraud,Critical,Chat,2024-12-03,12,"Elena Rodriguez",1,2024-12-03,24,SLA_Met
TKT-100082,"Jennifer Watts",allenlisa@example.org,"Login failed - Decade","Hi Support, How do I install the latest patch on Windows 11? Place of design.",Technical,Low,Email,2024-05-05,103,"Elena Rodriguez",2,2024-05-09,96,SLA_Breached
TKT-100083,"Joseph Baxter",james64@example.net,"Data not syncing - Dinner","Hi Support, We are receiving a 500 Internal Server Error on the API endpoint. Response never bag back her house east.",Technical,High,"Web Form",2024-08-24,1,"Anya Sharma",5,2024-08-24,48,SLA_Met
TKT-100084,"Cynthia Bryant",gmcknight@example.net,"Pricing tiers - Former","Hi Support, Where is your headquarters located? State early task most fight others practice.","General Inquiry",Medium,Chat,2024-05-19,52,"David Kim",3,2024-05-21,72,SLA_Met
TKT-100085,"Rodney Moore",Larry.Fletcher@company.com,"Update credit card - Factor","Hi Support, My subscription renewed automatically, but I wanted to cancel. Often example fight street thank myself always.",Billing,Low,Chat,2024-01-23,64,"Anya Sharma",2,2024-01-25,96,SLA_Met
TKT-100086,"Mark Allen",carljarvis@example.com,"Product question - Require","Hi Support, What are your support operating hours? As college phone new right event.","General Inquiry",Low,Email,2024-09-10,66,"Elena Rodriguez",3,2024-09-12,96,SLA_Met
TKT-100087,"Brittney Sanders",jasonbell@example.com,"Product question - Decision","Hi Support, Is there a roadmap for new features this year? Reality that board attorney paper identify possible Republican.","General Inquiry",Medium,"Web Form",2024-02-19,40,"Ben Carter",1,2024-02-20,72,SLA_Met
TKT-100088,"Courtney Davies",Rhonda.Gonzalez@tech.io,"Feature request - Finally","Hi Support, Where is your headquarters located? Safe stop back plan.","General Inquiry",Medium,Email,2024-01-21,4,"Elena Rodriguez",5,2024-01-21,72,SLA_Met
TKT-100089,"Shannon Williams",keithgregory@example.net,"Installation issue - From","Hi Support, I cannot log into my account even after resetting the password. Different bed writer task live.",Technical,Medium,Chat,2024-01-27,69,"David Kim",4,2024-01-29,72,SLA_Met
TKT-100090,"Barry Hayden DVM",tatevickie@example.org,"Invoice discrepancy - Itself","Hi Support, My subscription renewed automatically, but I wanted to cancel. Provide available grow.",Billing,Low,Email,2024-12-30,79,"David Kim",5,2025-01-02,96,SLA_Met
TKT-100091,"Aaron Maldonado",khernandez@example.com,"Payment failed - Where","Hi Support, I noticed a double charge on my statement for last month. Without purpose send face reduce.",Billing,Medium,Email,2025-11-17,38,"Anya Sharma",4,2025-11-18,72,SLA_Met
TKT-100092,"Abigail Wheeler",christine97@example.com,"Update credit card - Practice","Hi Support, I requested a refund 5 days ago, where is it? Find seem mouth.",Billing,Medium,"Web Form",2024-05-06,28,"Chloe Adams",4,2024-05-07,72,SLA_Met
TKT-100093,"Erica Luna",April.Snyder@company.com,"Data not syncing - Quality","Hi Support, My data hasn't synced to the cloud for 24 hours. Be husband activity prevent share.",Technical,Low,Chat,2025-02-23,36,"Elena Rodriguez",5,2025-02-24,96,SLA_Met
TKT-100094,"Tina Wilson",justin72@example.net,"Data not syncing - Outside","Hi Support, How do I install the latest patch on Windows 11? Address wrong turn word.",Technical,Low,Chat,2024-02-27,34,"Anya Sharma",5,2024-02-28,96,SLA_Met
TKT-100095,"Christine Gonzalez",daniel76@example.net,"Profile update - Difficult","Hi Support, My profile picture is not updating. Better condition live day.",Account,Low,Chat,2024-08-26,1,"Elena Rodriguez",5,2024-08-26,96,SLA_Met
TKT-100096,"Miss Jennifer Romero MD",Ryan.Lewis@company.com,"Account hacked - Human","Hi Support, I received a suspicious email claiming to be support. Represent body seven energy cultural tax pay.",Fraud,Critical,Chat,2025-01-12,4,"Chloe Adams",1,2025-01-12,24,SLA_Met
TKT-100097,"Matthew Reyes",Matthew.Evans@enterprise.org,"Office location - North","Hi Support, I would like to request a demo for my team. Year collection list indeed you recognize.","General Inquiry",Medium,Chat,2024-08-18,29,"David Kim",5,2024-08-19,72,SLA_Met
TKT-100098,"Julia Smith",shannonsosa@example.org,"Product question - Least","Hi Support, How does the team pricing tier work? Page despite of story feeling look.","General Inquiry",Low,Chat,2025-10-06,48,"David Kim",4,2025-10-08,96,SLA_Met
TKT-100099,"Kimberly Hudson",Howard.Caldwell@company.com,"Pricing tiers - Way","Hi Support, Do you offer a discount for non-profits? Improve ahead since crime most learn beautiful.","General Inquiry",Low,"Web Form",2025-07-31,66,"Elena Rodriguez",4,2025-08-02,96,SLA_Met
TKT-100100,"Diana Mack",Brandon.Young@enterprise.org,"Installation issue - Live","Hi Support, My data hasn't synced to the cloud for 24 hours. Cover line majority improve.",Technical,High,"Web Form",2024-05-29,3,"Chloe Adams",4,2024-05-29,48,SLA_Met
TKT-100101,"Shelby Wilson",Eric.Brown@company.com,"Installation issue - Run","Hi Support, The dashboard is not loading any data, just a spinning wheel. Ability say west since example.",Technical,High,Email,2024-01-29,15,"Chloe Adams",5,2024-01-29,48,SLA_Met
TKT-100102,"Teresa Ortiz",samuelwilliams@example.com,"Payment failed - Test","Hi Support, I have been trying to update my payment method but it keeps failing. Well federal third plan special.",Billing,Low,Email,2024-04-14,8,"Anya Sharma",1,2024-04-14,96,SLA_Met
TKT-100103,"James Meyer",watsoncurtis@example.com,"Subscription upgrade - Option","Hi Support, I lost my phone and cannot pass the 2FA check. Team officer couple employee state finally wife.",Account,High,Email,2025-10-31,29,"David Kim",5,2025-11-01,48,SLA_Met
TKT-100104,"David Cantu",Lisa.Rodriguez@tech.io,"API Error 500 - Budget","Hi Support, My data hasn't synced to the cloud for 24 hours. Camera or it large return.",Technical,Medium,Email,2024-01-11,23,"Elena Rodriguez",4,2024-01-11,72,SLA_Met
TKT-100105,"Pamela Kennedy",Sandra.Baker@tech.io,"Suspicious charge - Fly","Hi Support, Can you send me the invoice for transaction #99283? Heavy wide charge another also husband after.",Billing,Low,"Web Form",2025-09-01,17,"Elena Rodriguez",4,2025-09-01,96,SLA_Met
TKT-100106,"Kristina Stokes",lorihodges@example.org,"Alert notification - Often","Hi Support, I think my account has been compromised. Chance arm attorney yet any away himself.",Fraud,Critical,Email,2025-05-12,10,"David Kim",5,2025-05-12,24,SLA_Met
TKT-100107,"Ryan Burns",oconnorandrew@example.org,"Delete account - Behind","Hi Support, My profile picture is not updating. Focus run foreign play soon clear.",Account,Medium,"Web Form",2024-06-30,31,"Chloe Adams",5,2024-07-01,72,SLA_Met
TKT-100108,"Lisa Miller",hudsonparker@example.org,"Installation issue - Find","Hi Support, I cannot log into my account even after resetting the password. Expect student forward then degree everything.",Technical,Medium,Chat,2024-09-20,25,"Anya Sharma",5,2024-09-21,72,SLA_Met
TKT-100109,"Benjamin Schneider",rbriggs@example.net,"Demo request - Style","Hi Support, Do you offer a discount for non-profits? Land true reduce tell discussion rise situation.","General Inquiry",Medium,"Web Form",2024-10-09,21,"David Kim",4,2024-10-09,72,SLA_Met
TKT-100110,"Jo Montgomery",pdiaz@example.net,"App crashing - Animal","Hi Support, The application crashes every time I open the settings tab. Change culture night ten may.",Technical,High,Email,2025-02-01,42,"Elena Rodriguez",4,2025-02-02,48,SLA_Met
TKT-100111,"Brittany Pierce",Marcus.Wood@tech.io,"Data not syncing - Get","Hi Support, The application crashes every time I open the settings tab. Watch surface discover.",Technical,Low,"Web Form",2025-02-22,88,"Anya Sharma",4,2025-02-25,96,SLA_Met
TKT-100112,"Jennifer Anderson",megan46@example.com,"Subscription upgrade - Southern","Hi Support, My profile picture is not updating. Political truth pass true.",Account,Medium,Email,2025-12-28,1,"David Kim",5,2025-12-28,72,SLA_Met
TKT-100113,"Kim Gomez",noah60@example.com,"Password reset - Mention","Hi Support, I want to permanently delete my account and data. Close ten high stock themselves society here.",Account,Medium,Chat,2025-06-06,26,"Ben Carter",5,2025-06-07,72,SLA_Met
TKT-100114,"Jacob Taylor",amandastanley@example.org,"API Error 500 - Way","Hi Support, How do I install the latest patch on Windows 11? Buy current own wish land man let its.",Technical,Medium,Chat,2024-11-09,5,"David Kim",4,2024-11-09,72,SLA_Met
TKT-100115,"Jason Roman",ryanpeterson@example.com,"Feature request - Culture","Hi Support, I would like to request a demo for my team. East election follow including quality.","General Inquiry",Medium,Email,2024-05-22,120,"Chloe Adams",1,2024-05-27,72,SLA_Breached
TKT-100116,"Katie Braun",sotoemily@example.org,"App crashing - During","Hi Support, I cannot log into my account even after resetting the password. Able house list whose a.",Technical,High,Chat,2025-04-02,33,"David Kim",1,2025-04-03,48,SLA_Met
TKT-100117,"Nancy Ware",tking@example.com,"Profile update - Cold","Hi Support, I want to permanently delete my account and data. Hear my subject fund.",Account,Medium,Email,2025-06-09,55,"Anya Sharma",4,2025-06-11,72,SLA_Met
TKT-100118,"Amy Stewart",Hayley.Carter@enterprise.org,"Data not syncing - Into","Hi Support, We are receiving a 500 Internal Server Error on the API endpoint. Baby court scientist buy.",Technical,Medium,Chat,2024-05-12,10,"Anya Sharma",5,2024-05-12,72,SLA_Met
TKT-100119,"Jennifer Brock",antonio02@example.org,"Delete account - Gas","Hi Support, How do I upgrade to the Enterprise plan? Budget card financial around time well degree operation.",Account,Low,"Web Form",2024-05-31,36,"Elena Rodriguez",1,2024-06-01,96,SLA_Met
TKT-100120,"Joanna Welch",williamhatfield@example.org,"Change email - Eye","Hi Support, My profile picture is not updating. Piece talk her believe.",Account,Medium,"Web Form",2024-09-27,14,"David Kim",4,2024-09-27,72,SLA_Met
TKT-100121,"Michael Franklin",Jerry.Mccarthy@tech.io,"Pricing tiers - Do","Hi Support, How does the team pricing tier work? Technology same all exist write although.","General Inquiry",Medium,Email,2025-05-10,69,"David Kim",4,2025-05-12,72,SLA_Met
TKT-100122,"Elaine Foster",brett27@example.com,"Suspicious charge - Parent","Hi Support, My subscription renewed automatically, but I wanted to cancel. Environmental attack listen challenge center our various.",Billing,High,"Web Form",2024-05-30,11,"Anya Sharma",4,2024-05-30,48,SLA_Met
TKT-100123,"Jerry Ruiz",ashley48@example.com,"Refund status - Along","Hi Support, I have been trying to update my payment method but it keeps failing. Manage voice product hope together style across.",Billing,Low,Chat,2024-11-24,1,"Chloe Adams",4,2024-11-24,96,SLA_Met
TKT-100124,"Mr. John Barnes III",thomas44@example.com,"Installation issue - Be","Hi Support, I cannot log into my account even after resetting the password. Human camera raise late painting require.",Technical,High,"Web Form",2024-06-14,44,"Ben Carter",3,2024-06-15,48,SLA_Met
TKT-100125,"Edward Johnston",nsmith@example.net,"Suspicious charge - Month","Hi Support, Can you send me the invoice for transaction #99283? Evening model ever several.",Billing,Medium,"Web Form",2024-09-08,2,"Ben Carter",3,2024-09-08,72,SLA_Met
TKT-100126,"Lindsay Walker",murphyjo@example.com,"Refund status - From","Hi Support, Why is my bill higher than the agreed amount? May behind almost method that.",Billing,High,Chat,2025-09-14,65,"David Kim",1,2025-09-16,48,SLA_Breached
TKT-100127,"Jason Cain",nguyensteven@example.com,"App crashing - Accept","Hi Support, My data hasn't synced to the cloud for 24 hours. Friend order reveal eat though coach.",Technical,Medium,Email,2024-09-02,51,"Anya Sharma",5,2024-09-04,72,SLA_Met
TKT-100128,"Angela Deleon",spage@example.net,"Delete account - Serve","Hi Support, I am not receiving the password reset email. Address measure say about last identify.",Account,Medium,"Web Form",2025-05-12,75,"Elena Rodriguez",4,2025-05-15,72,SLA_Breached
TKT-100129,"Andrea Webster",brandon76@example.com,"Installation issue - Much","Hi Support, The dashboard is not loading any data, just a spinning wheel. Old little law.",Technical,Medium,"Web Form",2025-12-01,64,"Chloe Adams",3,2025-12-03,72,SLA_Met
TKT-100130,"Kelli Smith",acox@example.net,"Delete account - Could","Hi Support, I lost my phone and cannot pass the 2FA check. Local sell his visit air or indicate.",Account,Low,"Web Form",2025-05-11,36,"Anya Sharma",2,2025-05-12,96,SLA_Met
TKT-100131,"Joseph Avery",lhoward@example.net,"Profile update - Even","Hi Support, My profile picture is not updating. Direction never strategy receive artist run.",Account,Medium,"Web Form",2024-04-05,42,"Anya Sharma",5,2024-04-06,72,SLA_Met
TKT-100132,"Erin Jones",mmorris@example.net,"Screen freezes - Suffer","Hi Support, We are receiving a 500 Internal Server Error on the API endpoint. Operation remember foot drug.",Technical,High,Email,2024-07-11,14,"Anya Sharma",1,2024-07-11,48,SLA_Met
TKT-100133,"Benjamin Washington",Jacqueline.Roach@company.com,"Login failed - All","Hi Support, The dashboard is not loading any data, just a spinning wheel. Read doctor address free by drop rock.",Technical,Critical,Chat,2024-10-15,11,"Ben Carter",5,2024-10-15,24,SLA_Met
TKT-100134,"David Knapp",xavierstephenson@example.org,"Invoice discrepancy - Life","Hi Support, I have been trying to update my payment method but it keeps failing. Central various least record position however.",Billing,Medium,Chat,2024-10-11,72,"Ben Carter",3,2024-10-14,72,SLA_Met
TKT-100135,"William Schmitt",camerondennis@example.net,"Account hacked - Away","Hi Support, Someone used my card to make a purchase on your site. Open customer prepare heavy fact person save sit.",Fraud,High,"Web Form",2025-05-21,12,"Ben Carter",3,2025-05-21,48,SLA_Met
TKT-100136,"Kathryn Atkins",xwarren@example.com,"Phishing attempt - Control","Hi Support, Why is there a new device added to my trusted list? Own skill enjoy growth laugh.",Fraud,Critical,Email,2024-11-15,9,"David Kim",5,2024-11-15,24,SLA_Met
TKT-100137,"Samuel Clayton",imoreno@example.org,"Payment failed - Only","Hi Support, Can you send me the invoice for transaction #99283? Over source production.",Billing,Medium,Email,2025-03-13,75,"Chloe Adams",3,2025-03-16,72,SLA_Breached
TKT-100138,"Mr. Thomas Bradley II",jodygray@example.com,"Pricing tiers - Memory","Hi Support, I would like to request a demo for my team. Player animal final.","General Inquiry",Low,Chat,2024-05-29,41,"Elena Rodriguez",2,2024-05-30,96,SLA_Met
TKT-100139,"Brandy Rodriguez",donnamurray@example.com,"Delete account - Later","Hi Support, How do I upgrade to the Enterprise plan? Easy action bed learn concern.",Account,High,Chat,2025-09-12,38,"Chloe Adams",4,2025-09-13,48,SLA_Met
TKT-100140,"Kyle Gibson",youngmarvin@example.net,"Office location - Bar","Hi Support, Is there a roadmap for new features this year? Teach TV thus decide case.","General Inquiry",Low,"Web Form",2024-10-22,53,"Chloe Adams",5,2024-10-24,96,SLA_Met
TKT-100141,"Mary Baker",phillip33@example.net,"Login failed - Population","Hi Support, My data hasn't synced to the cloud for 24 hours. Week seem fact painting.",Technical,Medium,Chat,2024-05-19,89,"Anya Sharma",4,2024-05-22,72,SLA_Breached
TKT-100142,"Eric Moore",Tara.Colon@tech.io,"Delete account - Kid","Hi Support, My profile picture is not updating. Five culture center scientist program explain.",Account,Medium,Email,2024-08-07,18,"Elena Rodriguez",1,2024-08-07,72,SLA_Met
TKT-100143,"Lance Zimmerman",ismith@example.org,"Demo request - If","Hi Support, How does the team pricing tier work? Score arm whatever message.","General Inquiry",Low,"Web Form",2024-06-10,62,"Ben Carter",5,2024-06-12,96,SLA_Met
TKT-100144,"Natalie Huff",anthony77@example.org,"Invoice discrepancy - Try","Hi Support, I requested a refund 5 days ago, where is it? After throughout else.",Billing,Medium,Chat,2025-12-28,16,"David Kim",3,2025-12-28,72,SLA_Met
TKT-100145,"Luke Hale",Joy.Lawrence@company.com,"Demo request - Focus","Hi Support, I would like to request a demo for my team. Run central card.","General Inquiry",Medium,Chat,2024-07-23,6,"Anya Sharma",5,2024-07-23,72,SLA_Met
TKT-100146,"Jeffrey Nelson",david04@example.net,"2FA issues - Bag","Hi Support, I lost my phone and cannot pass the 2FA check. Between writer network author record lose Mr.",Account,Low,"Web Form",2024-11-13,55,"Chloe Adams",5,2024-11-15,96,SLA_Met
TKT-100147,"Michael Phillips",sandra37@example.org,"Installation issue - Art","Hi Support, The application crashes every time I open the settings tab. Necessary material ahead debate many and drive.",Technical,High,Email,2024-08-30,71,"Anya Sharma",5,2024-09-01,48,SLA_Breached
TKT-100148,"Mark Morris",Melissa.Brown@enterprise.org,"Login failed - Drive","Hi Support, My data hasn't synced to the cloud for 24 hours. Yes stuff statement medical approach bar.",Technical,Medium,"Web Form",2025-03-10,19,"David Kim",4,2025-03-10,72,SLA_Met
TKT-100149,"David Nguyen",Michael.Compton@company.com,"Office location - Political","Hi Support, How does the team pricing tier work? He close according there cell.","General Inquiry",Medium,Email,2025-10-23,15,"Elena Rodriguez",4,2025-10-23,72,SLA_Met
TKT-100150,"Steven Cross",knelson@example.net,"Feature request - Particular","Hi Support, What are your support operating hours? Arrive money impact around.","General Inquiry",Low,Email,2025-10-24,1,"Elena Rodriguez",5,2025-10-24,96,SLA_Met
TKT-100151,"Sharon Dixon",Jennifer.Freeman@enterprise.org,"Suspicious activity - Newspaper","Hi Support, I received a login alert from a device in Russia, which wasn't me. Ever message three idea card check.",Fraud,Critical,"Web Form",2025-12-08,21,"David Kim",2,2025-12-08,24,SLA_Met
TKT-100152,"Reginald Williams",Joshua.Alvarez@enterprise.org,"API Error 500 - Member","Hi Support, The application crashes every time I open the settings tab. Country truth friend join ever statement spring.",Technical,High,Email,2025-09-25,4,"Anya Sharma",5,2025-09-25,48,SLA_Met
TKT-100153,"Christopher Hebert",Bridget.Rogers@company.com,"Suspicious charge - Purpose","Hi Support, Why is my bill higher than the agreed amount? Next company indeed.",Billing,Medium,"Web Form",2025-03-16,120,"Chloe Adams",5,2025-03-21,72,SLA_Breached
TKT-100154,"James Price",stephanierobinson@example.org,"Refund status - Traditional","Hi Support, My subscription renewed automatically, but I wanted to cancel. Weight interview sound next pass board set daughter.",Billing,Medium,Chat,2024-08-05,16,"Elena Rodriguez",1,2024-08-05,72,SLA_Met
TKT-100155,"Bianca Jones",Colin.Torres@company.com,"Pricing tiers - Blue","Hi Support, Is there a roadmap for new features this year? Attack game on represent whatever effort.","General Inquiry",Medium,Email,2025-11-23,29,"David Kim",3,2025-11-24,72,SLA_Met
TKT-100156,"Natalie York",Melissa.Smith@tech.io,"Suspicious charge - Now","Hi Support, Can you send me the invoice for transaction #99283? Poor nature case door land.",Billing,Medium,Chat,2024-05-11,27,"Ben Carter",1,2024-05-12,72,SLA_Met
TKT-100157,"Aaron Kelley",Steven.Gonzalez@company.com,"Product question - Pressure","Hi Support, Where is your headquarters located? Describe military condition.","General Inquiry",Medium,"Web Form",2025-11-12,18,"Elena Rodriguez",2,2025-11-12,72,SLA_Met
TKT-100158,"Darryl Shelton",amandasutton@example.com,"Invoice discrepancy - We","Hi Support, Why is my bill higher than the agreed amount? Sure so opportunity place start agree.",Billing,Low,Email,2025-01-27,41,"David Kim",1,2025-01-28,96,SLA_Met
TKT-100159,"Emily Charles",payneerica@example.org,"Payment failed - Role","Hi Support, I have been trying to update my payment method but it keeps failing. By cause near.",Billing,Low,Email,2025-05-21,14,"David Kim",4,2025-05-21,96,SLA_Met
TKT-100160,"Tamara Taylor",castillorichard@example.net,"Delete account - Answer","Hi Support, I am not receiving the password reset email. Half account game soon.",Account,Low,"Web Form",2024-08-02,28,"Elena Rodriguez",5,2024-08-03,96,SLA_Met
TKT-100161,"David Price",Peggy.Bennett@enterprise.org,"Subscription upgrade - Beat","Hi Support, I lost my phone and cannot pass the 2FA check. Heavy unit might positive individual despite.",Account,Low,Email,2025-09-02,12,"David Kim",5,2025-09-02,96,SLA_Met
TKT-100162,"Elizabeth Brown",Kelsey.Richards@company.com,"Data not syncing - Police","Hi Support, I cannot log into my account even after resetting the password. Every against especially test.",Technical,High,Chat,2024-01-19,8,"Elena Rodriguez",5,2024-01-19,48,SLA_Met
TKT-100163,"David Dunn",Lori.Rodriguez@tech.io,"App crashing - Century","Hi Support, My data hasn't synced to the cloud for 24 hours. Serve society as lead whom answer.",Technical,High,"Web Form",2024-12-06,50,"Chloe Adams",4,2024-12-08,48,SLA_Breached
TKT-100164,"Chad Kerr",asnyder@example.org,"Password reset - Your","Hi Support, Please help me change the email address associated with my account. Test address state report.",Account,Low,Email,2025-10-07,39,"Anya Sharma",4,2025-10-08,96,SLA_Met
TKT-100165,"Jacob Wade",lewisconnie@example.com,"Charged twice - Loss","Hi Support, My subscription renewed automatically, but I wanted to cancel. Success child major turn special back rather.",Billing,Low,Chat,2025-07-23,29,"Chloe Adams",3,2025-07-24,96,SLA_Met
TKT-100166,"Michael Porter",reyescheryl@example.net,"Screen freezes - Forget","Hi Support, How do I install the latest patch on Windows 11? Add score history find pass.",Technical,Medium,Email,2024-11-29,53,"Ben Carter",4,2024-12-01,72,SLA_Met
TKT-100167,"Amanda Perkins",richard54@example.com,"Invoice discrepancy - Rather","Hi Support, I requested a refund 5 days ago, where is it? Learn game join during executive sometimes big remember.",Billing,Low,Email,2024-04-20,8,"Ben Carter",3,2024-04-20,96,SLA_Met
TKT-100168,"Nicole Mosley",sanchezpatricia@example.net,"Charged twice - Such","Hi Support, I requested a refund 5 days ago, where is it? Deal hear knowledge condition gas.",Billing,Medium,Chat,2024-06-26,2,"Chloe Adams",2,2024-06-26,72,SLA_Met
TKT-100169,"Elizabeth Garcia",hcastro@example.org,"Login failed - Remain","Hi Support, We are receiving a 500 Internal Server Error on the API endpoint. Film wear else sure education energy clear.",Technical,Medium,"Web Form",2025-12-07,59,"Elena Rodriguez",5,2025-12-09,72,SLA_Met
TKT-100170,"Paul Alvarado",Kelli.Bradshaw@tech.io,"Update credit card - Marriage","Hi Support, I have been trying to update my payment method but it keeps failing. Attention open at raise.",Billing,Low,Chat,2024-02-20,90,"Anya Sharma",4,2024-02-23,96,SLA_Met
TKT-100171,"Jacob Pitts",leenicole@example.com,"Invoice discrepancy - Politics","Hi Support, I have been trying to update my payment method but it keeps failing. Wind old charge blue ahead state.",Billing,Medium,Chat,2024-03-20,87,"David Kim",5,2024-03-23,72,SLA_Breached
TKT-100172,"Paula Harris",Jeremy.Gonzalez@company.com,"App crashing - Might","Hi Support, My data hasn't synced to the cloud for 24 hours. Guy sport including very yet.",Technical,Medium,Chat,2025-04-26,9,"Chloe Adams",4,2025-04-26,72,SLA_Met
TKT-100173,"Christina Krueger",crobbins@example.com,"Refund status - Laugh","Hi Support, I requested a refund 5 days ago, where is it? Mrs huge ago assume.",Billing,Low,Email,2025-09-22,41,"Chloe Adams",2,2025-09-23,96,SLA_Met
TKT-100174,"Marissa Sanchez",okaiser@example.com,"2FA issues - Report","Hi Support, I lost my phone and cannot pass the 2FA check. Similar nearly probably recently.",Account,Low,Email,2025-11-25,39,"Anya Sharma",2,2025-11-26,96,SLA_Met
TKT-100175,"Heather Price",jnelson@example.com,"API Error 500 - Per","Hi Support, I cannot log into my account even after resetting the password. May year use.",Technical,Medium,Email,2025-11-15,8,"Ben Carter",4,2025-11-15,72,SLA_Met
TKT-100176,"Johnny Moore",Nicole.Mullins@tech.io,"App crashing - Feel","Hi Support, The dashboard is not loading any data, just a spinning wheel. School begin case agent.",Technical,Medium,Chat,2025-12-25,9,"Elena Rodriguez",4,2025-12-25,72,SLA_Met
TKT-100177,"Jeanne Robinson",reevesnancy@example.org,"Data not syncing - Keep","Hi Support, My data hasn't synced to the cloud for 24 hours. Light major deal chair.",Technical,Medium,Email,2025-01-31,51,"Chloe Adams",4,2025-02-02,72,SLA_Met
TKT-100178,"Denise Fitzgerald",John.Griffith@company.com,"Account hacked - Section","Hi Support, I think my account has been compromised. Course chair everybody idea vote thing.",Fraud,Critical,"Web Form",2025-04-13,11,"Anya Sharma",1,2025-04-13,24,SLA_Met
TKT-100179,"Ethan Villegas",rushjohn@example.net,"Hours of operation - Say","Hi Support, I would like to request a demo for my team. Special debate picture myself political reach.","General Inquiry",Medium,Chat,2025-04-26,40,"Anya Sharma",5,2025-04-27,72,SLA_Met
TKT-100180,"Cody Martinez",sarahjenkins@example.net,"API Error 500 - Stage","Hi Support, How do I install the latest patch on Windows 11? Strategy bill clearly.",Technical,High,Chat,2025-08-23,7,"Ben Carter",3,2025-08-23,48,SLA_Met
TKT-100181,"Angelica Gregory",graythomas@example.net,"Office location - Avoid","Hi Support, How does the team pricing tier work? Six language thus join claim fly sell.","General Inquiry",Low,Email,2024-10-02,32,"David Kim",4,2024-10-03,96,SLA_Met
TKT-100182,"William Murphy",jpage@example.com,"API Error 500 - Nearly","Hi Support, My data hasn't synced to the cloud for 24 hours. Why source somebody instead institution while.",Technical,Medium,"Web Form",2024-07-04,81,"Ben Carter",5,2024-07-07,72,SLA_Breached
TKT-100183,"Leslie Brown",Samuel.Brooks@enterprise.org,"Payment failed - Ever","Hi Support, I noticed a double charge on my statement for last month. Available garden its wonder.",Billing,Medium,"Web Form",2024-01-18,21,"David Kim",5,2024-01-18,72,SLA_Met
TKT-100184,"Laura Guerra",williamherrera@example.com,"Charged twice - Sort","Hi Support, My subscription renewed automatically, but I wanted to cancel. Research job rate trouble you assume film.",Billing,Low,"Web Form",2024-05-18,105,"Anya Sharma",5,2024-05-22,96,SLA_Breached
TKT-100185,"Kevin Garrett",pcastillo@example.com,"Data not syncing - Even","Hi Support, My data hasn't synced to the cloud for 24 hours. Campaign politics factor.",Technical,Medium,Chat,2024-05-10,19,"Elena Rodriguez",4,2024-05-10,72,SLA_Met
TKT-100186,"James Ho",brettskinner@example.com,"Hours of operation - Next","Hi Support, Do you offer a discount for non-profits? East significant concern.","General Inquiry",Low,Email,2024-11-16,65,"Elena Rodriguez",5,2024-11-18,96,SLA_Met
TKT-100187,"Shane White",lisabrowning@example.net,"Demo request - Cold","Hi Support, Where is your headquarters located? Success stop so.","General Inquiry",Low,Email,2024-12-02,17,"Elena Rodriguez",5,2024-12-02,96,SLA_Met
TKT-100188,"Cassandra Rogers",katelynwalker@example.com,"Screen freezes - Though","Hi Support, I cannot log into my account even after resetting the password. Require conference step tonight certainly statement.",Technical,Critical,Email,2025-06-09,1,"David Kim",4,2025-06-09,24,SLA_Met
TKT-100189,"Jason Allen",Samantha.Wheeler@enterprise.org,"Installation issue - Care","Hi Support, My data hasn't synced to the cloud for 24 hours. Work effect less wall road reveal girl.",Technical,Low,Email,2024-01-09,31,"David Kim",4,2024-01-10,96,SLA_Met
TKT-100190,"Sarah Clay",Andrew.White@company.com,"API Error 500 - Teach","Hi Support, My data hasn't synced to the cloud for 24 hours. Drop think last least it.",Technical,High,Email,2024-09-29,51,"Chloe Adams",3,2024-10-01,48,SLA_Breached
TKT-100191,"Caroline Tran",lewisgary@example.com,"Installation issue - Matter","Hi Support, We are receiving a 500 Internal Server Error on the API endpoint. I tough policy game already player able.",Technical,High,"Web Form",2025-08-25,14,"Ben Carter",4,2025-08-25,48,SLA_Met
TKT-100192,"Crystal Roberts",qmcgee@example.org,"Login failed - Respond","Hi Support, How do I install the latest patch on Windows 11? Wide then bar factor.",Technical,High,"Web Form",2024-11-16,3,"David Kim",4,2024-11-16,48,SLA_Met
TKT-100193,"Mr. John Nolan",mmathis@example.com,"Installation issue - Tree","Hi Support, The application crashes every time I open the settings tab. Special morning southern foot source.",Technical,Medium,"Web Form",2024-09-24,29,"Elena Rodriguez",2,2024-09-25,72,SLA_Met
TKT-100194,"Sheila Long",Lisa.Perez@enterprise.org,"Installation issue - What","Hi Support, The dashboard is not loading any data, just a spinning wheel. Fund new later worry husband.",Technical,Low,Chat,2024-01-23,36,"Elena Rodriguez",4,2024-01-24,96,SLA_Met
TKT-100195,"Lisa Keller",Pamela.Zamora@enterprise.org,"API Error 500 - Main","Hi Support, How do I install the latest patch on Windows 11? Apply continue article wear lawyer old almost.",Technical,High,Email,2024-06-13,7,"Chloe Adams",5,2024-06-13,48,SLA_Met
TKT-100196,"Christine Huff",Ashley.Montoya@enterprise.org,"Hours of operation - Project","Hi Support, What are your support operating hours? Worker onto night card scientist loss east.","General Inquiry",Medium,Email,2025-03-20,28,"Elena Rodriguez",5,2025-03-21,72,SLA_Met
TKT-100197,"Alex Holden",francisco07@example.org,"Charged twice - Pull","Hi Support, I noticed a double charge on my statement for last month. Then ago reach college power PM about after.",Billing,Low,"Web Form",2024-08-07,16,"David Kim",5,2024-08-07,96,SLA_Met
TKT-100198,"Sharon Garrett",xgutierrez@example.com,"Data not syncing - Spring","Hi Support, We are receiving a 500 Internal Server Error on the API endpoint. Finally bag serve call professional can movie.",Technical,Critical,Chat,2025-07-20,34,"David Kim",5,2025-07-21,24,SLA_Breached
TKT-100199,"Krista Hanna",janetodonnell@example.org,"Profile update - Manage","Hi Support, Please help me change the email address associated with my account. Player rate everything game low ever.",Account,Medium,Email,2024-02-12,6,"Ben Carter",2,2024-02-12,72,SLA_Met
TKT-100200,"Sarah Stout MD",Jasmine.Smith@enterprise.org,"Charged twice - Degree","Hi Support, Can you send me the invoice for transaction #99283? Foreign cover imagine to science civil edge.",Billing,Low,Email,2025-11-25,31,"Elena Rodriguez",5,2025-11-26,96,SLA_Met
TKT-100201,"Nancy Davis",webbcheryl@example.org,"Refund status - Discussion","Hi Support, I have been trying to update my payment method but it keeps failing. Bad cultural site.",Billing,High,"Web Form",2024-12-04,3,"Chloe Adams",4,2024-12-04,48,SLA_Met
TKT-100202,"Susan Caldwell",Michelle.Wolf@company.com,"Password reset - First","Hi Support, I lost my phone and cannot pass the 2FA check. Forget hope seek perform.",Account,Low,"Web Form",2024-01-31,4,"Chloe Adams",5,2024-01-31,96,SLA_Met
TKT-100203,"Derrick Walls",Christina.Smith@company.com,"Screen freezes - Read","Hi Support, I cannot log into my account even after resetting the password. Eye military morning fast tough run simple.",Technical,High,Chat,2024-10-11,16,"Chloe Adams",4,2024-10-11,48,SLA_Met
TKT-100204,"Randy Jenkins",sandersdana@example.net,"Feature request - Second","Hi Support, Do you offer a discount for non-profits? Near lay yet avoid consider early middle.","General Inquiry",Medium,"Web Form",2025-10-16,20,"Chloe Adams",4,2025-10-16,72,SLA_Met
TKT-100205,"Rhonda Webb",Tom.Bennett@enterprise.org,"API Error 500 - Usually","Hi Support, The dashboard is not loading any data, just a spinning wheel. Else walk wear upon with.",Technical,High,"Web Form",2024-03-05,14,"Ben Carter",5,2024-03-05,48,SLA_Met
TKT-100206,"Taylor Ross",Robert.Hicks@enterprise.org,"Screen freezes - Rise","Hi Support, I cannot log into my account even after resetting the password. Boy ever TV door force.",Technical,Medium,Chat,2024-02-19,18,"David Kim",4,2024-02-19,72,SLA_Met
TKT-100207,"Nicole Hardin",Angela.Perez@enterprise.org,"API Error 500 - Indeed","Hi Support, The dashboard is not loading any data, just a spinning wheel. Year without body.",Technical,Medium,Chat,2024-05-20,45,"Ben Carter",5,2024-05-21,72,SLA_Met
TKT-100208,"Rebekah King",Michael.Harrell@enterprise.org,"Data not syncing - Cup","Hi Support, The application crashes every time I open the settings tab. True condition main huge.",Technical,Low,Chat,2024-11-07,53,"Elena Rodriguez",5,2024-11-09,96,SLA_Met
TKT-100209,"Sylvia Rodriguez",davidmiller@example.com,"Feature request - Approach","Hi Support, Do you offer a discount for non-profits? Base country bring stage.","General Inquiry",Medium,Chat,2024-03-17,66,"Anya Sharma",4,2024-03-19,72,SLA_Met
TKT-100210,"Edward Hickman",melindasmall@example.net,"Product question - Option","Hi Support, How does the team pricing tier work? Protect find phone.","General Inquiry",Low,"Web Form",2024-12-15,31,"David Kim",4,2024-12-16,96,SLA_Met
TKT-100211,"Jorge Warren",abbottmaurice@example.net,"Screen freezes - Medical","Hi Support, The application crashes every time I open the settings tab. Brother exist agree.",Technical,Critical,Email,2025-01-25,22,"Elena Rodriguez",5,2025-01-25,24,SLA_Met
TKT-100212,"Sheila Barrett",john27@example.com,"Screen freezes - Official","Hi Support, How do I install the latest patch on Windows 11? Should quite general mouth body already.",Technical,Medium,"Web Form",2024-01-02,8,"Ben Carter",3,2024-01-02,72,SLA_Met
TKT-100213,"Joseph Young",carolyn92@example.net,"2FA issues - Whom","Hi Support, Please help me change the email address associated with my account. Time today feeling whole rise minute.",Account,Medium,"Web Form",2025-02-13,71,"David Kim",4,2025-02-15,72,SLA_Met
TKT-100214,"Michael Martinez",Joe.Camacho@company.com,"Pricing tiers - Score","Hi Support, How does the team pricing tier work? Still able get create.","General Inquiry",Low,"Web Form",2024-01-08,18,"Anya Sharma",5,2024-01-08,96,SLA_Met
TKT-100215,"Chad Hughes",sburton@example.com,"Feature request - Team","Hi Support, What are your support operating hours? Baby participant rock pick face individual own.","General Inquiry",Low,"Web Form",2025-12-30,22,"Elena Rodriguez",3,2025-12-30,96,SLA_Met
TKT-100216,"Daniel Brown",cgallagher@example.net,"Installation issue - Someone","Hi Support, The dashboard is not loading any data, just a spinning wheel. Form word expert also occur goal.",Technical,High,Email,2025-07-11,53,"Ben Carter",4,2025-07-13,48,SLA_Breached
TKT-100217,"Diane Evans",henrydanielle@example.net,"API Error 500 - Long","Hi Support, How do I install the latest patch on Windows 11? Hour small blue get.",Technical,Critical,"Web Form",2025-01-28,41,"Ben Carter",4,2025-01-29,24,SLA_Breached
TKT-100218,"Alan Butler",vsnow@example.net,"Demo request - Threat","Hi Support, Where is your headquarters located? Figure she general.","General Inquiry",Low,Chat,2024-07-24,46,"Anya Sharma",4,2024-07-25,96,SLA_Met
TKT-100219,"Ian Potts",veronicapark@example.net,"Password reset - Move","Hi Support, My profile picture is not updating. Paper thought book minute important customer person space.",Account,High,"Web Form",2025-10-26,9,"Chloe Adams",5,2025-10-26,48,SLA_Met
TKT-100220,"Wendy Hamilton",ashleylucas@example.com,"Suspicious charge - Teacher","Hi Support, I noticed a double charge on my statement for last month. Event fire federal seat.",Billing,Medium,"Web Form",2025-01-26,38,"Elena Rodriguez",3,2025-01-27,72,SLA_Met
TKT-100221,"Christopher Wilson",randyscott@example.net,"Screen freezes - Still","Hi Support, We are receiving a 500 Internal Server Error on the API endpoint. International would any visit develop.",Technical,High,"Web Form",2025-01-14,3,"Ben Carter",2,2025-01-14,48,SLA_Met
TKT-100222,"Robert Phillips",elizabethwhite@example.org,"Login failed - Glass","Hi Support, How do I install the latest patch on Windows 11? Business her thank support pass section.",Technical,High,Chat,2025-06-26,36,"David Kim",4,2025-06-27,48,SLA_Met
TKT-100223,"Derrick Sanchez",gonzalessean@example.org,"App crashing - Air","Hi Support, I cannot log into my account even after resetting the password. Movie lead forward.",Technical,Critical,Email,2025-10-19,4,"Ben Carter",4,2025-10-19,24,SLA_Met
TKT-100224,"Heidi Miller",Ronald.Frank@company.com,"Invoice discrepancy - Once","Hi Support, I requested a refund 5 days ago, where is it? Tough create war save.",Billing,Medium,"Web Form",2025-01-05,53,"Chloe Adams",3,2025-01-07,72,SLA_Met
TKT-100225,"Brian Young",raymondcraig@example.com,"API Error 500 - Role","Hi Support, The dashboard is not loading any data, just a spinning wheel. Only natural receive decade give.",Technical,High,Email,2025-07-17,21,"David Kim",5,2025-07-17,48,SLA_Met
TKT-100226,"Dr. Jennifer Jones",carolanderson@example.net,"Hours of operation - Sell","Hi Support, What are your support operating hours? Likely decision ok would kitchen together fast.","General Inquiry",Medium,"Web Form",2024-12-14,2,"Anya Sharma",3,2024-12-14,72,SLA_Met
TKT-100227,"Rachel Love",Jeffrey.Collins@company.com,"Invoice discrepancy - History","Hi Support, I noticed a double charge on my statement for last month. But a parent treat she ago community.",Billing,Low,Email,2025-04-15,66,"Anya Sharma",3,2025-04-17,96,SLA_Met
TKT-100228,"Rhonda Braun",Carrie.Branch@tech.io,"Login failed - Garden","Hi Support, How do I install the latest patch on Windows 11? Care clear writer area air quite.",Technical,Medium,Chat,2025-12-08,28,"Chloe Adams",5,2025-12-09,72,SLA_Met
TKT-100229,"Michael Brown",christina48@example.com,"Pricing tiers - Cold","Hi Support, What are your support operating hours? Age audience senior west.","General Inquiry",Medium,Email,2025-04-22,71,"Elena Rodriguez",5,2025-04-24,72,SLA_Met
TKT-100230,"Anna Frank",gonzalezkaylee@example.net,"Product question - Traditional","Hi Support, What are your support operating hours? Song everyone front woman model relationship form half.","General Inquiry",Medium,Chat,2025-05-13,50,"Ben Carter",5,2025-05-15,72,SLA_Met
TKT-100231,"Barbara Watts",barrydonald@example.net,"Login failed - Guy","Hi Support, My data hasn't synced to the cloud for 24 hours. Weight a spend.",Technical,Low,Chat,2025-02-02,14,"David Kim",4,2025-02-02,96,SLA_Met
TKT-100232,"Charles Mitchell",vjohnson@example.org,"Invoice discrepancy - Worry","Hi Support, My subscription renewed automatically, but I wanted to cancel. Themselves according finish manage.",Billing,Medium,Email,2024-12-09,120,"Anya Sharma",2,2024-12-14,72,SLA_Breached
TKT-100233,"John Stewart",Alicia.Gomez@enterprise.org,"Payment failed - Painting","Hi Support, Can you send me the invoice for transaction #99283? Each over garden want prove chair.",Billing,Medium,Email,2025-08-10,29,"Anya Sharma",5,2025-08-11,72,SLA_Met
TKT-100234,"Willie Hall",christinestrong@example.com,"Refund status - Remember","Hi Support, I have been trying to update my payment method but it keeps failing. Ever edge concern happy.",Billing,Medium,Chat,2024-05-29,14,"Elena Rodriguez",4,2024-05-29,72,SLA_Met
TKT-100235,"Emily Cruz",fphillips@example.com,"Data not syncing - Sort","Hi Support, How do I install the latest patch on Windows 11? None in line memory firm from you national.",Technical,Low,Chat,2025-08-22,23,"David Kim",5,2025-08-22,96,SLA_Met
TKT-100236,"Beth Harris",Micheal.Watson@enterprise.org,"Charged twice - Statement","Hi Support, I noticed a double charge on my statement for last month. Road be lay everything.",Billing,Medium,"Web Form",2024-04-28,94,"David Kim",4,2024-05-01,72,SLA_Breached
TKT-100237,"Brian Simpson",tracyscott@example.com,"Payment failed - Various","Hi Support, Can you send me the invoice for transaction #99283? Food base too police system plant material.",Billing,Medium,Chat,2025-03-28,4,"Chloe Adams",2,2025-03-28,72,SLA_Met
TKT-100238,"Samantha Calhoun",mckaybrian@example.org,"Payment failed - Improve","Hi Support, Why is my bill higher than the agreed amount? Product challenge newspaper ago.",Billing,Medium,"Web Form",2024-11-09,8,"Chloe Adams",1,2024-11-09,72,SLA_Met
TKT-100239,"Christine Garza",bartlettsamantha@example.net,"Change email - Almost","Hi Support, I want to permanently delete my account and data. When blue if board miss enter.",Account,Low,Chat,2025-07-19,13,"Ben Carter",5,2025-07-19,96,SLA_Met
TKT-100240,"Laurie Young",bowmanmichael@example.com,"Installation issue - About","Hi Support, The dashboard is not loading any data, just a spinning wheel. Toward plant write world.",Technical,Medium,Email,2025-06-12,39,"Ben Carter",5,2025-06-13,72,SLA_Met
TKT-100241,"Derek Foster",kristinaroberts@example.com,"Pricing tiers - Poor","Hi Support, What are your support operating hours? Stage term lot song.","General Inquiry",Low,"Web Form",2024-09-30,4,"Elena Rodriguez",5,2024-09-30,96,SLA_Met
TKT-100242,"Kimberly Nicholson",benitezbrenda@example.org,"Demo request - Million","Hi Support, What are your support operating hours? Less rise activity not reason.","General Inquiry",Low,"Web Form",2025-08-07,25,"Anya Sharma",3,2025-08-08,96,SLA_Met
TKT-100243,"Autumn Henderson",ksimon@example.net,"API Error 500 - Our","Hi Support, My data hasn't synced to the cloud for 24 hours. Heart upon page family.",Technical,Medium,"Web Form",2025-02-07,44,"Anya Sharma",5,2025-02-08,72,SLA_Met
TKT-100244,"Andrea Young",Billy.Cochran@company.com,"Installation issue - Western","Hi Support, We are receiving a 500 Internal Server Error on the API endpoint. Compare course always.",Technical,Low,Chat,2024-04-27,17,"Elena Rodriguez",1,2024-04-27,96,SLA_Met
TKT-100245,"Justin Davis",Raymond.Alvarado@tech.io,"Data not syncing - Available","Hi Support, The dashboard is not loading any data, just a spinning wheel. Mean dog tend stuff.",Technical,Medium,"Web Form",2024-05-13,45,"Ben Carter",3,2024-05-14,72,SLA_Met
TKT-100246,"Mark Tate",bmcdonald@example.org,"Pricing tiers - Range","Hi Support, What are your support operating hours? Suddenly lay decision fund us detail large including.","General Inquiry",Medium,Email,2025-05-11,81,"Anya Sharma",4,2025-05-14,72,SLA_Breached
TKT-100247,"Paula Hatfield",garciakimberly@example.org,"Unrecognized login - Word","Hi Support, I think my account has been compromised. Live computer decade us pretty price.",Fraud,Critical,Chat,2024-10-15,5,"Elena Rodriguez",4,2024-10-15,24,SLA_Met
TKT-100248,"Matthew Gallagher",wrussell@example.org,"Hours of operation - Occur","Hi Support, I would like to request a demo for my team. Four often majority season scene.","General Inquiry",Low,Email,2024-11-08,6,"Elena Rodriguez",4,2024-11-08,96,SLA_Met
TKT-100249,"Ryan Roberts",joneslaura@example.net,"Charged twice - Choice","Hi Support, Can you send me the invoice for transaction #99283? Rock mission deep over worry me public difference.",Billing,Medium,Email,2024-04-07,62,"Anya Sharma",5,2024-04-09,72,SLA_Met
TKT-100250,"Lisa Garrison",chapmanmary@example.net,"Delete account - Federal","Hi Support, My profile picture is not updating. Give yes reality board cold.",Account,Low,Email,2024-11-07,92,"Chloe Adams",4,2024-11-10,96,SLA_Met
TKT-100251,"Jeanette Lane",Keith.Reyes@company.com,"Change email - Pretty","Hi Support, I lost my phone and cannot pass the 2FA check. Occur control hit assume.",Account,Medium,Chat,2025-10-08,1,"Ben Carter",1,2025-10-08,72,SLA_Met
TKT-100252,"Michelle Henry",Glenda.Williams@tech.io,"API Error 500 - System","Hi Support, We are receiving a 500 Internal Server Error on the API endpoint. Blue win thank major.",Technical,Critical,Email,2024-08-12,22,"Chloe Adams",4,2024-08-12,24,SLA_Met
TKT-100253,"Cynthia Roberts",vyoung@example.com,"Password reset - Finish","Hi Support, I am not receiving the password reset email. Activity enjoy season candidate.",Account,Medium,"Web Form",2024-01-17,120,"Elena Rodriguez",5,2024-01-22,72,SLA_Breached
TKT-100254,"Austin Hale",John.Davis@enterprise.org,"Password reset - Environment","Hi Support, I want to permanently delete my account and data. Everything table what here possible court at too.",Account,Medium,"Web Form",2025-09-25,26,"David Kim",5,2025-09-26,72,SLA_Met
TKT-100255,"Theresa Clark",melissa78@example.net,"Data not syncing - Where","Hi Support, The dashboard is not loading any data, just a spinning wheel. Decide agreement blood full eat pattern.",Technical,Medium,Chat,2024-08-29,6,"David Kim",4,2024-08-29,72,SLA_Met
TKT-100256,"Jennifer Suarez",vbrown@example.com,"Update credit card - Wonder","Hi Support, I requested a refund 5 days ago, where is it? Soldier push who small on.",Billing,Low,"Web Form",2024-03-04,33,"Chloe Adams",3,2024-03-05,96,SLA_Met
TKT-100257,"John Rodriguez",Autumn.Carter@tech.io,"Delete account - Detail","Hi Support, Please help me change the email address associated with my account. Cultural ask parent financial plan address challenge.",Account,Low,"Web Form",2024-03-24,21,"Ben Carter",5,2024-03-24,96,SLA_Met
TKT-100258,"Matthew Riley",nicholesmith@example.com,"Hours of operation - Father","Hi Support, Is there a roadmap for new features this year? Community speech action center southern.","General Inquiry",Medium,Email,2024-07-24,86,"Ben Carter",4,2024-07-27,72,SLA_Breached
TKT-100259,"Dawn Day",ppineda@example.org,"App crashing - Avoid","Hi Support, We are receiving a 500 Internal Server Error on the API endpoint. Family right common argue.",Technical,High,Email,2024-05-28,15,"Anya Sharma",4,2024-05-28,48,SLA_Met
TKT-100260,"Elizabeth Rose",qwilson@example.org,"Subscription upgrade - Imagine","Hi Support, I am not receiving the password reset email. Through evening investment.",Account,High,"Web Form",2025-04-30,24,"Elena Rodriguez",5,2025-05-01,48,SLA_Met
TKT-100261,"Dwayne Anderson",Kevin.Bailey@enterprise.org,"Update credit card - As","Hi Support, Why is my bill higher than the agreed amount? Once hospital type letter deal attention.",Billing,Medium,Chat,2025-10-25,26,"Anya Sharma",5,2025-10-26,72,SLA_Met
TKT-100262,"Linda Lamb",cdrake@example.net,"Installation issue - Avoid","Hi Support, How do I install the latest patch on Windows 11? Really act coach it road.",Technical,Low,Email,2025-07-05,5,"Anya Sharma",4,2025-07-05,96,SLA_Met
TKT-100263,"Jerome Jackson",ybarnett@example.org,"2FA issues - Sport","Hi Support, I am not receiving the password reset email. Weight law risk century better.",Account,Low,Email,2025-05-03,52,"Chloe Adams",4,2025-05-05,96,SLA_Met
TKT-100264,"Danny Williams",jonathanbrown@example.org,"Subscription upgrade - Factor","Hi Support, Please help me change the email address associated with my account. Size building involve artist protect.",Account,Low,"Web Form",2025-09-24,27,"Ben Carter",4,2025-09-25,96,SLA_Met
TKT-100265,"Jose Maldonado",tmay@example.com,"App crashing - Last","Hi Support, The application crashes every time I open the settings tab. Try from evening guess three trouble.",Technical,High,Email,2025-09-29,11,"Ben Carter",4,2025-09-29,48,SLA_Met
TKT-100266,"Gregory Thompson",susan70@example.net,"Pricing tiers - Method","Hi Support, I would like to request a demo for my team. Employee ok reality service skin might leader.","General Inquiry",Low,"Web Form",2025-03-23,10,"Chloe Adams",4,2025-03-23,96,SLA_Met
TKT-100267,"Kevin Burke",Matthew.Lara@company.com,"Invoice discrepancy - Result","Hi Support, I have been trying to update my payment method but it keeps failing. Light letter exactly machine.",Billing,Low,"Web Form",2025-07-03,58,"Elena Rodriguez",5,2025-07-05,96,SLA_Met
TKT-100268,"Dustin Baldwin",matthew71@example.com,"Office location - Behind","Hi Support, Where is your headquarters located? Majority shake through hot democratic.","General Inquiry",Medium,Chat,2024-05-21,44,"Elena Rodriguez",5,2024-05-22,72,SLA_Met
TKT-100269,"Eric Walker",Ashley.Stokes@enterprise.org,"Phishing attempt - Wish","Hi Support, Lock my account immediately, I see transactions I didn't make. Her idea whole present stay more.",Fraud,High,Email,2024-07-26,6,"Anya Sharma",4,2024-07-26,48,SLA_Met
TKT-100270,"Charles Lawrence",aprilross@example.org,"App crashing - Create","Hi Support, My data hasn't synced to the cloud for 24 hours. Because it participant beautiful Mr full.",Technical,Medium,"Web Form",2025-04-18,76,"Ben Carter",5,2025-04-21,72,SLA_Breached
TKT-100271,"Latoya Morgan",yolanda83@example.com,"Profile update - Send","Hi Support, I lost my phone and cannot pass the 2FA check. Think their take region.",Account,Low,Chat,2025-11-03,69,"Elena Rodriguez",5,2025-11-05,96,SLA_Met
TKT-100272,"Edward Medina",benjaminfranklin@example.org,"App crashing - Light","Hi Support, The application crashes every time I open the settings tab. Pm per church great well yes.",Technical,High,Chat,2024-05-31,19,"Anya Sharma",4,2024-05-31,48,SLA_Met
TKT-100273,"Randy Dunn",christophergonzalez@example.com,"Demo request - Own","Hi Support, Where is your headquarters located? Hour will Congress bed billion.","General Inquiry",Low,Email,2024-03-19,52,"Elena Rodriguez",5,2024-03-21,96,SLA_Met
TKT-100274,"Melissa Griffith",usmith@example.com,"Hours of operation - Bed","Hi Support, What are your support operating hours? Find reduce trial entire.","General Inquiry",Medium,Chat,2025-04-29,85,"David Kim",5,2025-05-02,72,SLA_Breached
TKT-100275,"Alyssa Walker",kdawson@example.org,"Charged twice - Take","Hi Support, I requested a refund 5 days ago, where is it? However we either soon your response.",Billing,Medium,Email,2024-06-18,120,"Ben Carter",5,2024-06-23,72,SLA_Breached
TKT-100276,"James Jensen",jamesshannon@example.net,"Office location - Attention","Hi Support, Is there a roadmap for new features this year? Responsibility rule within care.","General Inquiry",Low,Email,2024-03-12,14,"David Kim",5,2024-03-12,96,SLA_Met
TKT-100277,"Kristin Gonzalez",guzmanjake@example.com,"Profile update - Window","Hi Support, Please help me change the email address associated with my account. Should here upon.",Account,Medium,Chat,2024-12-10,105,"David Kim",4,2024-12-14,72,SLA_Breached
TKT-100278,"Antonio Stephens",samantha89@example.org,"2FA issues - Home","Hi Support, How do I upgrade to the Enterprise plan? Community class record score.",Account,Medium,Chat,2025-08-07,24,"David Kim",5,2025-08-08,72,SLA_Met
TKT-100279,"Veronica Crane",jyoung@example.net,"Profile update - Business","Hi Support, I want to permanently delete my account and data. Clearly language policy affect recognize kitchen.",Account,Low,Chat,2024-10-07,24,"Elena Rodriguez",4,2024-10-08,96,SLA_Met
TKT-100280,"Eric Taylor",philipmaxwell@example.org,"API Error 500 - Nice","Hi Support, We are receiving a 500 Internal Server Error on the API endpoint. Agent ask member make best but sea.",Technical,Critical,"Web Form",2025-10-01,6,"Ben Carter",3,2025-10-01,24,SLA_Met
TKT-100281,"Brett Massey",josephmitchell@example.net,"Delete account - Main","Hi Support, I am not receiving the password reset email. Suddenly interesting our share reach ahead feel.",Account,Low,Chat,2024-10-16,9,"Ben Carter",5,2024-10-16,96,SLA_Met
TKT-100282,"Jamie Ochoa",Heather.Cole@company.com,"Profile update - Speech","Hi Support, How do I upgrade to the Enterprise plan? Step idea right heart.",Account,High,"Web Form",2025-11-04,3,"David Kim",4,2025-11-04,48,SLA_Met
TKT-100283,"David Hobbs",thompsonkeith@example.net,"Login failed - Major","Hi Support, The application crashes every time I open the settings tab. South standard example country ask government important.",Technical,Medium,"Web Form",2024-04-12,7,"Ben Carter",4,2024-04-12,72,SLA_Met
TKT-100284,"Michael Martinez",Devin.Garza@company.com,"API Error 500 - Allow","Hi Support, We are receiving a 500 Internal Server Error on the API endpoint. Score career health place people.",Technical,Medium,Chat,2025-01-02,10,"Anya Sharma",1,2025-01-02,72,SLA_Met
TKT-100285,"Scott Anderson",katherine66@example.net,"API Error 500 - Rate","Hi Support, The application crashes every time I open the settings tab. Author include dream they crime.",Technical,Medium,Email,2024-11-13,9,"Anya Sharma",5,2024-11-13,72,SLA_Met
TKT-100286,"Elizabeth Nunez",jacqueline28@example.net,"Installation issue - Drug","Hi Support, How do I install the latest patch on Windows 11? Sign travel early compare by able record.",Technical,Medium,Chat,2024-12-12,9,"Elena Rodriguez",4,2024-12-12,72,SLA_Met
TKT-100287,"Casey Campbell",fochoa@example.com,"Hours of operation - His","Hi Support, Is there a roadmap for new features this year? Section possible church determine ready.","General Inquiry",Low,"Web Form",2024-04-10,120,"David Kim",5,2024-04-15,96,SLA_Breached
TKT-100288,"Shelly Gilbert",rebecca66@example.net,"Invoice discrepancy - Standard","Hi Support, I requested a refund 5 days ago, where is it? American thing indicate responsibility from investment no.",Billing,Low,Email,2025-11-07,94,"Elena Rodriguez",2,2025-11-10,96,SLA_Met
TKT-100289,"Maxwell Jones",nathanwhite@example.org,"Change email - Bed","Hi Support, I am not receiving the password reset email. It girl office thank while article.",Account,Medium,Chat,2025-01-06,31,"Elena Rodriguez",4,2025-01-07,72,SLA_Met
TKT-100290,"Ashley Shields",Jennifer.Perry@tech.io,"Feature request - Head","Hi Support, How does the team pricing tier work? Pretty husband mention property.","General Inquiry",Low,Chat,2024-12-01,17,"David Kim",4,2024-12-01,96,SLA_Met
TKT-100291,"Justin Warner",johnsonalexander@example.org,"Refund status - Movie","Hi Support, Can you send me the invoice for transaction #99283? Law individual some standard.",Billing,Low,Email,2025-03-15,40,"David Kim",5,2025-03-16,96,SLA_Met
TKT-100292,"Jennifer Collins",andrewsmiranda@example.com,"2FA issues - Week","Hi Support, I want to permanently delete my account and data. Subject anyone month leave fill.",Account,Low,Email,2025-11-02,41,"Ben Carter",5,2025-11-03,96,SLA_Met
TKT-100293,"Elaine Hayes",qbarry@example.com,"Data not syncing - Operation","Hi Support, The application crashes every time I open the settings tab. Check employee along decide break administration firm.",Technical,Medium,Email,2024-08-12,15,"Chloe Adams",4,2024-08-12,72,SLA_Met
TKT-100294,"Jared Hooper Jr.",lovejack@example.com,"Payment failed - Break","Hi Support, Can you send me the invoice for transaction #99283? Nation happy tax yes save.",Billing,Low,Email,2025-02-05,22,"Chloe Adams",1,2025-02-05,96,SLA_Met
TKT-100295,"Christina Zavala",diana51@example.com,"Unrecognized login - Bit","Hi Support, I received a login alert from a device in Russia, which wasn't me. Try attorney dog.",Fraud,Critical,Chat,2025-12-31,30,"Elena Rodriguez",3,2026-01-01,24,SLA_Breached
TKT-100296,"Kathleen Glass",waltonkimberly@example.org,"Data not syncing - Find","Hi Support, The application crashes every time I open the settings tab. Apply company herself material performance start.",Technical,Critical,Chat,2024-03-26,22,"David Kim",3,2024-03-26,24,SLA_Met
TKT-100297,"Courtney Owens",Richard.Lin@tech.io,"Office location - Develop","Hi Support, Do you offer a discount for non-profits? Program trade our.","General Inquiry",Low,Chat,2025-04-10,8,"Chloe Adams",4,2025-04-10,96,SLA_Met
TKT-100298,"James Knapp",zbrown@example.net,"API Error 500 - Young","Hi Support, My data hasn't synced to the cloud for 24 hours. Arrive way factor produce close choose add.",Technical,Critical,"Web Form",2025-07-06,2,"Anya Sharma",1,2025-07-06,24,SLA_Met
TKT-100299,"Douglas Perry",wheelerreginald@example.net,"Demo request - Energy","Hi Support, How does the team pricing tier work? Within anyone employee those best different nation.","General Inquiry",Low,"Web Form",2024-02-01,60,"Ben Carter",3,2024-02-03,96,SLA_Met
TKT-100300,"Amanda Atkins",robertroberts@example.org,"Suspicious charge - Need","Hi Support, Can you send me the invoice for transaction #99283? Itself push property lay report wide.",Billing,High,"Web Form",2024-06-13,3,"David Kim",5,2024-06-13,48,SLA_Met
TKT-100301,"Monica Johnson",smithbenjamin@example.com,"Data not syncing - Process","Hi Support, I cannot log into my account even after resetting the password. Down hope beyond safe son.",Technical,Critical,Chat,2024-12-22,12,"Anya Sharma",4,2024-12-22,24,SLA_Met
TKT-100302,"Donald Roth",grodriguez@example.net,"Payment failed - After","Hi Support, I noticed a double charge on my statement for last month. Summer later opportunity camera main interesting maintain.",Billing,Medium,"Web Form",2024-07-22,47,"Chloe Adams",1,2024-07-23,72,SLA_Met
TKT-100303,"Timothy Snyder",Michael.Moore@company.com,"Pricing tiers - Decade","Hi Support, Do you offer a discount for non-profits? Let contain these forget people consider century meeting.","General Inquiry",Low,Chat,2025-11-15,3,"Anya Sharma",5,2025-11-15,96,SLA_Met
TKT-100304,"Michelle Ryan",barbara63@example.com,"Password reset - Store","Hi Support, Please help me change the email address associated with my account. Generation social southern.",Account,Low,"Web Form",2024-11-02,68,"Ben Carter",5,2024-11-04,96,SLA_Met
TKT-100305,"Melinda Ward",jasonwaller@example.net,"Pricing tiers - Take","Hi Support, What are your support operating hours? Type head box stuff attorney.","General Inquiry",High,Chat,2025-05-04,6,"Anya Sharma",5,2025-05-04,48,SLA_Met
TKT-100306,"Anthony Johnson",emily75@example.com,"Charged twice - As","Hi Support, My subscription renewed automatically, but I wanted to cancel. Increase group rock summer key think.",Billing,Low,"Web Form",2024-12-28,11,"David Kim",2,2024-12-28,96,SLA_Met
TKT-100307,"Traci Decker",barrerasarah@example.net,"Subscription upgrade - After","Hi Support, My profile picture is not updating. Wall interesting four stock memory spend actually agency.",Account,Low,Email,2024-02-17,19,"Ben Carter",4,2024-02-17,96,SLA_Met
TKT-100308,"Kristin Rocha",Cheryl.Price@enterprise.org,"Installation issue - Never","Hi Support, The application crashes every time I open the settings tab. Half himself often soon two camera.",Technical,Medium,Email,2025-12-27,115,"Chloe Adams",4,2025-12-31,72,SLA_Breached
TKT-100309,"Aaron Jones",nelsonsusan@example.net,"API Error 500 - Leader","Hi Support, I cannot log into my account even after resetting the password. Speech age only.",Technical,Low,"Web Form",2025-10-06,75,"Ben Carter",4,2025-10-09,96,SLA_Met
TKT-100310,"Lauren Wong",brian21@example.org,"Pricing tiers - Score","Hi Support, Is there a roadmap for new features this year? Politics major TV marriage trouble magazine.","General Inquiry",Medium,Chat,2024-12-14,20,"Ben Carter",2,2024-12-14,72,SLA_Met
TKT-100311,"James Perkins",eric74@example.org,"Stolen card - Entire","Hi Support, I think my account has been compromised. Choice agent improve protect city.",Fraud,Critical,"Web Form",2024-03-27,13,"David Kim",1,2024-03-27,24,SLA_Met
TKT-100312,"Jason Carter",Nicole.Barnes@enterprise.org,"Office location - Note","Hi Support, Where is your headquarters located? Recognize money inside try hear side everything.","General Inquiry",Medium,Email,2024-04-28,113,"Chloe Adams",5,2024-05-02,72,SLA_Breached
TKT-100313,"Sheri Roberts",amyfoster@example.org,"Payment failed - Evidence","Hi Support, Can you send me the invoice for transaction #99283? Music military open.",Billing,High,Email,2024-11-04,23,"David Kim",2,2024-11-04,48,SLA_Met
TKT-100314,"Robert Hernandez",Jack.Brooks@enterprise.org,"Phishing attempt - About","Hi Support, I think my account has been compromised. Family hour attorney beyond appear white.",Fraud,Critical,Chat,2025-06-21,3,"Elena Rodriguez",5,2025-06-21,24,SLA_Met
TKT-100315,"Kevin Ross",jamiecoffey@example.net,"Refund status - Matter","Hi Support, Can you send me the invoice for transaction #99283? Its very material more left simply main wall.",Billing,Low,Email,2025-04-04,12,"Ben Carter",3,2025-04-04,96,SLA_Met
TKT-100316,"Eugene Good",William.James@tech.io,"Subscription upgrade - Take","Hi Support, My profile picture is not updating. Total church environmental up individual game avoid.",Account,Low,Chat,2024-01-12,10,"David Kim",5,2024-01-12,96,SLA_Met
TKT-100317,"Pamela Dyer",laurasullivan@example.com,"Feature request - Same","Hi Support, How does the team pricing tier work? Approach sell field fine feel friend.","General Inquiry",Medium,Chat,2024-02-19,93,"Anya Sharma",4,2024-02-22,72,SLA_Breached
TKT-100318,"Peter Manning",heidiroy@example.net,"Password reset - Benefit","Hi Support, I lost my phone and cannot pass the 2FA check. Election check agency bit father view technology check.",Account,Low,Chat,2024-06-12,120,"Ben Carter",2,2024-06-17,96,SLA_Breached
TKT-100319,"Paul Warren",edrake@example.net,"Refund status - Color","Hi Support, I have been trying to update my payment method but it keeps failing. Assume human left painting.",Billing,Medium,"Web Form",2025-02-24,51,"Ben Carter",4,2025-02-26,72,SLA_Met
TKT-100320,"Courtney Johnson",Madison.George@company.com,"Profile update - Condition","Hi Support, Please help me change the email address associated with my account. Detail line let these.",Account,Medium,Chat,2024-04-22,13,"Elena Rodriguez",4,2024-04-22,72,SLA_Met
TKT-100321,"Mary Rodriguez",Keith.Hood@enterprise.org,"2FA issues - Method","Hi Support, I am not receiving the password reset email. Risk management traditional describe.",Account,Low,"Web Form",2025-02-04,34,"Elena Rodriguez",4,2025-02-05,96,SLA_Met
TKT-100322,"Jeremy Moore",Jessica.Diaz@company.com,"Unrecognized login - Southern","Hi Support, I received a suspicious email claiming to be support. Into home in ten series memory audience.",Fraud,High,Chat,2025-09-14,6,"Elena Rodriguez",2,2025-09-14,48,SLA_Met
TKT-100323,"Justin Casey",tina43@example.net,"Subscription upgrade - Safe","Hi Support, Please help me change the email address associated with my account. Strategy data front.",Account,Low,Email,2024-03-22,2,"Ben Carter",5,2024-03-22,96,SLA_Met
TKT-100324,"Brianna Alvarez",steintara@example.com,"Refund status - Another","Hi Support, My subscription renewed automatically, but I wanted to cancel. Class thought center thing.",Billing,High,Email,2024-04-05,4,"Chloe Adams",5,2024-04-05,48,SLA_Met
TKT-100325,"Rose Carrillo",Cory.Ward@company.com,"Update credit card - What","Hi Support, My subscription renewed automatically, but I wanted to cancel. Key high pressure writer bar same.",Billing,Medium,Chat,2025-04-12,19,"Elena Rodriguez",1,2025-04-12,72,SLA_Met
TKT-100326,"Amanda Hurst",larsonlarry@example.net,"Profile update - Despite","Hi Support, I want to permanently delete my account and data. Cell suddenly reason threat hit focus necessary.",Account,Medium,Chat,2024-06-27,23,"Chloe Adams",4,2024-06-27,72,SLA_Met
TKT-100327,"Melissa Miranda",brianna96@example.net,"App crashing - Court","Hi Support, The dashboard is not loading any data, just a spinning wheel. Miss enter point night natural memory.",Technical,Low,"Web Form",2025-12-27,102,"David Kim",5,2025-12-31,96,SLA_Breached
TKT-100328,"Steven Jensen",karicruz@example.org,"Alert notification - Election","Hi Support, Someone used my card to make a purchase on your site. Physical assume home turn why.",Fraud,High,Chat,2024-08-11,24,"Anya Sharma",2,2024-08-12,48,SLA_Met
TKT-100329,"Sergio Lucas",jonathanwiggins@example.org,"Payment failed - Month","Hi Support, I have been trying to update my payment method but it keeps failing. Policy within now again artist.",Billing,Low,"Web Form",2024-07-05,85,"Ben Carter",1,2024-07-08,96,SLA_Met
TKT-100330,"Luis Barry",danielberry@example.com,"Payment failed - Organization","Hi Support, I have been trying to update my payment method but it keeps failing. Upon respond artist admit choose reality.",Billing,Low,"Web Form",2024-08-20,55,"Chloe Adams",5,2024-08-22,96,SLA_Met
TKT-100331,"Jeffrey Sullivan",fbaldwin@example.org,"Update credit card - Throughout","Hi Support, I requested a refund 5 days ago, where is it? Brother role reach usually despite front certain national.",Billing,Low,Email,2024-07-02,118,"Chloe Adams",3,2024-07-06,96,SLA_Breached
TKT-100332,"John Frye",abigailhunt@example.org,"Demo request - Stay","Hi Support, How does the team pricing tier work? Executive carry month responsibility want unit become.","General Inquiry",Low,"Web Form",2024-09-23,17,"Ben Carter",4,2024-09-23,96,SLA_Met
TKT-100333,"Lisa Hernandez",jamie80@example.net,"Pricing tiers - Trial","Hi Support, I would like to request a demo for my team. Single everybody market take form wish market past.","General Inquiry",Medium,"Web Form",2025-02-20,10,"Anya Sharma",5,2025-02-20,72,SLA_Met
TKT-100334,"Tony Torres",cristinaroman@example.org,"Pricing tiers - Defense","Hi Support, I would like to request a demo for my team. Home upon able people once through prevent.","General Inquiry",Medium,Email,2024-09-11,45,"Elena Rodriguez",4,2024-09-12,72,SLA_Met
TKT-100335,"Christopher Ortiz",crystal63@example.com,"Installation issue - Street","Hi Support, My data hasn't synced to the cloud for 24 hours. Writer action deep maintain than learn year.",Technical,High,Chat,2025-12-19,45,"Chloe Adams",5,2025-12-20,48,SLA_Met
TKT-100336,"Ronald Bailey",simpsondavid@example.org,"2FA issues - Congress","Hi Support, I lost my phone and cannot pass the 2FA check. Never lead fall outside act team speech.",Account,Medium,Email,2025-07-19,54,"Chloe Adams",5,2025-07-21,72,SLA_Met
TKT-100337,"Kelly Long",carnold@example.org,"API Error 500 - Although","Hi Support, The dashboard is not loading any data, just a spinning wheel. Structure sign impact resource seven surface.",Technical,Low,Email,2024-12-17,41,"Chloe Adams",5,2024-12-18,96,SLA_Met
TKT-100338,"Larry Hartman",Erica.Willis@company.com,"API Error 500 - I","Hi Support, We are receiving a 500 Internal Server Error on the API endpoint. Race thing five law drive.",Technical,Low,Chat,2024-07-11,1,"Ben Carter",5,2024-07-11,96,SLA_Met
TKT-100339,"Joseph Adams",griffinrobin@example.net,"Screen freezes - Teach","Hi Support, I cannot log into my account even after resetting the password. Language court same leader close down Congress.",Technical,Medium,"Web Form",2025-06-22,5,"Ben Carter",2,2025-06-22,72,SLA_Met
TKT-100340,"John Moore",sandra96@example.com,"Feature request - Sometimes","Hi Support, Do you offer a discount for non-profits? Audience language admit.","General Inquiry",Low,Chat,2024-01-19,59,"David Kim",4,2024-01-21,96,SLA_Met
TKT-100341,"Miss Rebecca Johnson",greglawson@example.net,"App crashing - Deal","Hi Support, How do I install the latest patch on Windows 11? Capital film along before sing.",Technical,High,Email,2025-09-14,20,"Anya Sharma",4,2025-09-14,48,SLA_Met
TKT-100342,"Stephen Bradshaw",saundersjeanette@example.org,"Profile update - Number","Hi Support, Please help me change the email address associated with my account. Special wonder modern we.",Account,Low,"Web Form",2024-10-04,2,"Elena Rodriguez",2,2024-10-04,96,SLA_Met
TKT-100343,"Tonya Baker",michelle11@example.org,"Data not syncing - Set","Hi Support, I cannot log into my account even after resetting the password. Local return again feel son almost.",Technical,Critical,Email,2024-12-09,6,"David Kim",4,2024-12-09,24,SLA_Met
TKT-100344,"Pamela Taylor",morgankathryn@example.net,"Installation issue - Enough","Hi Support, My data hasn't synced to the cloud for 24 hours. Respond catch run even blood however worker drive.",Technical,High,"Web Form",2025-05-10,30,"Chloe Adams",4,2025-05-11,48,SLA_Met
TKT-100345,"Lisa Jones",elopez@example.net,"API Error 500 - Myself","Hi Support, The application crashes every time I open the settings tab. Issue policy edge technology great.",Technical,Low,Chat,2025-07-16,17,"Elena Rodriguez",1,2025-07-16,96,SLA_Met
TKT-100346,"Carl Sanchez",justin56@example.com,"Password reset - Summer","Hi Support, I am not receiving the password reset email. Set ground name expect.",Account,High,Email,2025-08-21,4,"Elena Rodriguez",5,2025-08-21,48,SLA_Met
TKT-100347,"David Gibbs",schneiderwhitney@example.org,"Account hacked - Less","Hi Support, I think my account has been compromised. Keep because the join market risk.",Fraud,Critical,Chat,2024-03-02,3,"Anya Sharma",1,2024-03-02,24,SLA_Met
TKT-100348,"Angela Clarke",Jill.Patrick@tech.io,"Screen freezes - Loss","Hi Support, We are receiving a 500 Internal Server Error on the API endpoint. Four these save meeting we such agency.",Technical,Medium,"Web Form",2025-03-14,54,"Chloe Adams",5,2025-03-16,72,SLA_Met
TKT-100349,"Mr. Ronald Vazquez",rjordan@example.com,"Update credit card - Huge","Hi Support, Can you send me the invoice for transaction #99283? Item smile thus rich home.",Billing,Low,Email,2024-03-06,37,"Elena Rodriguez",3,2024-03-07,96,SLA_Met
TKT-100350,"Dr. Zachary Frank",Diana.Yates@company.com,"Demo request - Knowledge","Hi Support, How does the team pricing tier work? Same interest news Mr kid season attorney film.","General Inquiry",Medium,Email,2025-01-15,26,"Ben Carter",5,2025-01-16,72,SLA_Met
TKT-100351,"Chad Williams",combsmelissa@example.net,"Data not syncing - Range","Hi Support, How do I install the latest patch on Windows 11? Effect coach yeah.",Technical,High,Email,2025-01-16,1,"Anya Sharma",5,2025-01-16,48,SLA_Met
TKT-100352,"Deanna Harris",qblankenship@example.org,"Demo request - Computer","Hi Support, I would like to request a demo for my team. Notice find program eye pick cultural.","General Inquiry",Low,Email,2024-07-26,57,"Chloe Adams",4,2024-07-28,96,SLA_Met
TKT-100353,"Jane Davis",bmcgrath@example.net,"API Error 500 - Respond","Hi Support, We are receiving a 500 Internal Server Error on the API endpoint. Tell international where challenge store record television.",Technical,Low,Chat,2025-09-24,46,"David Kim",4,2025-09-25,96,SLA_Met
TKT-100354,"Kimberly Cooper",Terrance.Johnson@company.com,"Stolen card - Education","Hi Support, I think my account has been compromised. Question senior business on boy general south.",Fraud,High,"Web Form",2024-07-31,20,"Anya Sharma",4,2024-07-31,48,SLA_Met
TKT-100355,"Dylan Murphy",townsendjohnny@example.org,"Feature request - Big","Hi Support, What are your support operating hours? Floor finish throw.","General Inquiry",Medium,"Web Form",2025-04-15,82,"Chloe Adams",1,2025-04-18,72,SLA_Breached
TKT-100356,"Robert Flores",Gregory.Osborne@tech.io,"Payment failed - Offer","Hi Support, My subscription renewed automatically, but I wanted to cancel. West land black ok show eye.",Billing,High,Email,2025-02-27,8,"Chloe Adams",3,2025-02-27,48,SLA_Met
TKT-100357,"Sandra Bishop",bradley81@example.com,"Product question - Too","Hi Support, What are your support operating hours? Prove off should think loss.","General Inquiry",Medium,"Web Form",2025-11-15,14,"Chloe Adams",4,2025-11-15,72,SLA_Met
TKT-100358,"Elizabeth Cummings",Justin.Craig@enterprise.org,"Hours of operation - Agree","Hi Support, What are your support operating hours? Personal last address share pressure your.","General Inquiry",Medium,"Web Form",2024-04-25,11,"Elena Rodriguez",5,2024-04-25,72,SLA_Met
TKT-100359,"Tonya Mitchell",bellnicole@example.net,"Profile update - Why","Hi Support, I am not receiving the password reset email. Food speech enter after information rich newspaper.",Account,Low,Email,2024-05-26,87,"Ben Carter",4,2024-05-29,96,SLA_Met
TKT-100360,"Danielle Moreno",Sandra.Hoover@company.com,"Update credit card - Support","Hi Support, I have been trying to update my payment method but it keeps failing. Final then people young professional move.",Billing,Low,"Web Form",2025-10-31,1,"David Kim",4,2025-10-31,96,SLA_Met
TKT-100361,"Steven Boyer",jonesanthony@example.net,"Suspicious charge - Live","Hi Support, Can you send me the invoice for transaction #99283? Role toward perform center method.",Billing,Low,Chat,2024-07-19,12,"Ben Carter",3,2024-07-19,96,SLA_Met
TKT-100362,"Christopher Ramos",Julie.Stewart@tech.io,"API Error 500 - Write","Hi Support, I cannot log into my account even after resetting the password. Former center enjoy partner clearly week.",Technical,High,Chat,2024-05-06,13,"Ben Carter",4,2024-05-06,48,SLA_Met
TKT-100363,"Angela Rodriguez DDS",Danielle.Foley@company.com,"Screen freezes - Officer","Hi Support, I cannot log into my account even after resetting the password. Space reality place happen report trial science lay.",Technical,Low,"Web Form",2025-09-18,57,"Elena Rodriguez",4,2025-09-20,96,SLA_Met
TKT-100364,"Amber Franco",kristin06@example.org,"Password reset - Ago","Hi Support, How do I upgrade to the Enterprise plan? Ok spend for quickly modern focus.",Account,High,Chat,2025-01-06,40,"Anya Sharma",4,2025-01-07,48,SLA_Met
TKT-100365,"Christine Holloway",christopher50@example.org,"Payment failed - Suggest","Hi Support, I noticed a double charge on my statement for last month. Sign cost choose beyond necessary than agreement.",Billing,Low,Chat,2025-11-03,30,"Chloe Adams",2,2025-11-04,96,SLA_Met
TKT-100366,"Amber Cruz",Nicole.Williams@enterprise.org,"Office location - Lot","Hi Support, Where is your headquarters located? Safe hear road wall.","General Inquiry",Medium,"Web Form",2025-08-10,49,"Chloe Adams",3,2025-08-12,72,SLA_Met
TKT-100367,"Danielle Baker",Lisa.Hanson@company.com,"Installation issue - Cover","Hi Support, I cannot log into my account even after resetting the password. Draw network security social indeed budget recognize.",Technical,High,Chat,2025-04-27,13,"Elena Rodriguez",4,2025-04-27,48,SLA_Met
TKT-100368,"Paul Long",caseelizabeth@example.net,"Password reset - Approach","Hi Support, How do I upgrade to the Enterprise plan? Cause admit join where production garden run.",Account,Medium,Email,2024-08-22,44,"David Kim",4,2024-08-23,72,SLA_Met
TKT-100369,"Laurie Guzman",frosario@example.com,"Delete account - System","Hi Support, I want to permanently delete my account and data. Up rich me six.",Account,Low,Email,2024-11-03,25,"Anya Sharma",5,2024-11-04,96,SLA_Met
TKT-100370,"Samantha Wilson",aspencer@example.com,"Login failed - Bring","Hi Support, How do I install the latest patch on Windows 11? Public range challenge whatever southern short.",Technical,Medium,Email,2024-03-25,42,"Elena Rodriguez",4,2024-03-26,72,SLA_Met
TKT-100371,"Melissa Cohen",rogerskevin@example.com,"Refund status - Agent","Hi Support, I have been trying to update my payment method but it keeps failing. Responsibility make require support how.",Billing,Medium,Email,2024-11-20,4,"Anya Sharma",4,2024-11-20,72,SLA_Met
TKT-100372,"Jennifer Stein",xtrevino@example.net,"API Error 500 - Final","Hi Support, The application crashes every time I open the settings tab. Everybody fear letter president understand.",Technical,Medium,"Web Form",2024-07-30,15,"Elena Rodriguez",4,2024-07-30,72,SLA_Met
TKT-100373,"Katie Graham",Kevin.Glover@tech.io,"Update credit card - Idea","Hi Support, I noticed a double charge on my statement for last month. Contain evening notice commercial party win heavy from.",Billing,Low,"Web Form",2025-11-24,70,"Elena Rodriguez",5,2025-11-26,96,SLA_Met
TKT-100374,"Paul Lester",Robert.Reynolds@company.com,"Account hacked - Language","Hi Support, I received a login alert from a device in Russia, which wasn't me. Home you positive become company.",Fraud,Critical,"Web Form",2025-01-02,16,"David Kim",2,2025-01-02,24,SLA_Met
TKT-100375,"Tiffany Flores",kylemills@example.net,"Demo request - Cold","Hi Support, Do you offer a discount for non-profits? When charge now.","General Inquiry",Low,"Web Form",2025-05-26,19,"Ben Carter",5,2025-05-26,96,SLA_Met
TKT-100376,"James Weaver",gomezalbert@example.org,"Suspicious activity - Beautiful","Hi Support, Why is there a new device added to my trusted list? Lose final look chance yet accept.",Fraud,High,Chat,2024-07-08,8,"Anya Sharma",4,2024-07-08,48,SLA_Met
TKT-100377,"Nicole Smith",duncanjohn@example.org,"Refund status - Beautiful","Hi Support, My subscription renewed automatically, but I wanted to cancel. Deep find want sport financial but.",Billing,Medium,"Web Form",2024-10-07,120,"Anya Sharma",4,2024-10-12,72,SLA_Breached
TKT-100378,"Paul Anderson",hineslindsay@example.com,"Office location - Actually","Hi Support, How does the team pricing tier work? Every including table small test cost his idea.","General Inquiry",Low,"Web Form",2024-09-18,7,"Chloe Adams",4,2024-09-18,96,SLA_Met
TKT-100379,"Anthony Weaver",Stephanie.Aguilar@tech.io,"Installation issue - Late","Hi Support, We are receiving a 500 Internal Server Error on the API endpoint. Use minute yard air foot expert.",Technical,Medium,Chat,2024-09-28,51,"Elena Rodriguez",1,2024-09-30,72,SLA_Met
TKT-100380,"Amy Beck",Brenda.Watkins@enterprise.org,"Hours of operation - None","Hi Support, Where is your headquarters located? Tough stuff establish early wish by.","General Inquiry",High,Chat,2024-10-01,43,"Anya Sharma",5,2024-10-02,48,SLA_Met
TKT-100381,"Zachary Crawford",Nicole.Jones@company.com,"API Error 500 - Staff","Hi Support, How do I install the latest patch on Windows 11? Factor country law.",Technical,Medium,Chat,2024-01-30,88,"Anya Sharma",4,2024-02-02,72,SLA_Breached
TKT-100382,"Kathy Kent",Michael.Maldonado@tech.io,"Invoice discrepancy - Ten","Hi Support, I have been trying to update my payment method but it keeps failing. Boy surface eat admit grow help when if.",Billing,Low,Chat,2024-01-10,89,"David Kim",2,2024-01-13,96,SLA_Met
TKT-100383,"Christopher Gilbert",xewing@example.net,"API Error 500 - Others","Hi Support, My data hasn't synced to the cloud for 24 hours. Near executive interview heavy talk seek film.",Technical,Medium,Email,2025-05-06,54,"Elena Rodriguez",3,2025-05-08,72,SLA_Met
TKT-100384,"Raymond Grant",josephpowers@example.org,"Login failed - White","Hi Support, I cannot log into my account even after resetting the password. Factor win national throughout claim consumer.",Technical,High,Chat,2025-01-18,45,"Anya Sharma",2,2025-01-19,48,SLA_Met
TKT-100385,"Ashlee Johnson",Natalie.Lam@company.com,"App crashing - Nor","Hi Support, We are receiving a 500 Internal Server Error on the API endpoint. Four seat sort job.",Technical,High,"Web Form",2025-09-12,22,"Elena Rodriguez",4,2025-09-12,48,SLA_Met
TKT-100386,"Tiffany Lopez DDS",Shannon.Smith@enterprise.org,"Charged twice - No","Hi Support, Can you send me the invoice for transaction #99283? Even growth continue officer.",Billing,Medium,"Web Form",2025-08-12,21,"David Kim",4,2025-08-12,72,SLA_Met
TKT-100387,"Christy Oconnor",John.Wells@enterprise.org,"Office location - Trade","Hi Support, Where is your headquarters located? Wrong soldier line could.","General Inquiry",Medium,"Web Form",2024-01-07,120,"Elena Rodriguez",5,2024-01-12,72,SLA_Breached
TKT-100388,"Michelle Mcdowell",Ashley.Hanna@tech.io,"Installation issue - Issue","Hi Support, I cannot log into my account even after resetting the password. Strong value unit out them.",Technical,Medium,Email,2025-12-25,48,"Elena Rodriguez",5,2025-12-27,72,SLA_Met
TKT-100389,"Jose Hoover",Megan.Booker@tech.io,"Refund status - People","Hi Support, Why is my bill higher than the agreed amount? Order finally able doctor.",Billing,High,"Web Form",2025-06-05,20,"Ben Carter",3,2025-06-05,48,SLA_Met
TKT-100390,"Jeffrey Walker",bookermatthew@example.com,"Profile update - State","Hi Support, How do I upgrade to the Enterprise plan? Society your section simple provide in save evening.",Account,Medium,Chat,2024-10-02,44,"Ben Carter",4,2024-10-03,72,SLA_Met
TKT-100391,"Keith Perry",amandahardin@example.com,"Pricing tiers - Any","Hi Support, Do you offer a discount for non-profits? Feel agency discover give.","General Inquiry",Medium,Email,2024-11-30,3,"Ben Carter",4,2024-11-30,72,SLA_Met
TKT-100392,"John Andrews",sandovalbrandon@example.org,"Data not syncing - End","Hi Support, I cannot log into my account even after resetting the password. Tend audience sit mouth whatever dog.",Technical,High,Chat,2024-08-18,18,"Ben Carter",4,2024-08-18,48,SLA_Met
TKT-100393,"Rhonda Mcdonald",brooksdavid@example.org,"API Error 500 - Record","Hi Support, We are receiving a 500 Internal Server Error on the API endpoint. Southern strategy think couple.",Technical,Low,"Web Form",2024-04-23,11,"Elena Rodriguez",5,2024-04-23,96,SLA_Met
TKT-100394,"Martha Mckinney DDS",graycourtney@example.net,"Pricing tiers - Figure","Hi Support, Is there a roadmap for new features this year? Blue finally any player police would.","General Inquiry",Low,Email,2025-12-16,11,"Elena Rodriguez",5,2025-12-16,96,SLA_Met
TKT-100395,"Donna Oliver",mclaughlinjeremy@example.org,"Suspicious activity - Him","Hi Support, Why is there a new device added to my trusted list? Benefit pretty gun agreement certain.",Fraud,Critical,Email,2025-05-06,9,"Elena Rodriguez",3,2025-05-06,24,SLA_Met
TKT-100396,"Peter Lee",williamsjames@example.com,"Installation issue - Various","Hi Support, How do I install the latest patch on Windows 11? Fight world institution particularly reason.",Technical,High,Email,2025-02-27,7,"Ben Carter",4,2025-02-27,48,SLA_Met
TKT-100397,"Christopher Gonzalez",williamsonfrank@example.com,"Suspicious activity - Tv","Hi Support, I received a suspicious email claiming to be support. Other white analysis product do action.",Fraud,Critical,"Web Form",2025-04-21,2,"Chloe Adams",1,2025-04-21,24,SLA_Met
TKT-100398,"Mary Jones",julie31@example.net,"Profile update - Identify","Hi Support, How do I upgrade to the Enterprise plan? Full value worry sound wear.",Account,High,Email,2024-04-23,38,"Elena Rodriguez",4,2024-04-24,48,SLA_Met
TKT-100399,"Martin Malone",zneal@example.org,"Invoice discrepancy - Call","Hi Support, Why is my bill higher than the agreed amount? Tend individual keep pattern.",Billing,Medium,"Web Form",2024-08-30,6,"Anya Sharma",2,2024-08-30,72,SLA_Met
TKT-100400,"John Smith",Andrea.Yu@enterprise.org,"Login failed - Student","Hi Support, How do I install the latest patch on Windows 11? Page technology across senior well amount culture.",Technical,Medium,"Web Form",2025-04-18,18,"David Kim",4,2025-04-18,72,SLA_Met
TKT-100401,"Amy Sellers",tammyramos@example.org,"Invoice discrepancy - Stop","Hi Support, Can you send me the invoice for transaction #99283? Serve whom short score show war.",Billing,Medium,"Web Form",2025-02-09,94,"Anya Sharma",5,2025-02-12,72,SLA_Breached
TKT-100402,"Emily Jones",wlopez@example.net,"Subscription upgrade - Decade","Hi Support, I lost my phone and cannot pass the 2FA check. Indeed message culture want.",Account,Low,Email,2024-07-19,75,"David Kim",4,2024-07-22,96,SLA_Met
TKT-100403,"Monique Wilkerson",xgreen@example.org,"Payment failed - Authority","Hi Support, I have been trying to update my payment method but it keeps failing. Energy most land great.",Billing,Low,Email,2025-10-24,24,"Ben Carter",3,2025-10-25,96,SLA_Met
TKT-100404,"Philip Todd",bakermelissa@example.org,"Phishing attempt - Court","Hi Support, Lock my account immediately, I see transactions I didn't make. Strategy position bit most future quickly information.",Fraud,High,"Web Form",2025-02-22,16,"David Kim",2,2025-02-22,48,SLA_Met
TKT-100405,"Jason Cannon",Craig.Miranda@enterprise.org,"Refund status - Mother","Hi Support, Why is my bill higher than the agreed amount? Trade paper when teacher agency.",Billing,Low,Chat,2024-09-21,120,"Ben Carter",2,2024-09-26,96,SLA_Breached
TKT-100406,"Barbara Clarke",millerkenneth@example.org,"Suspicious charge - Forward","Hi Support, My subscription renewed automatically, but I wanted to cancel. Project across quality table discuss room.",Billing,Low,Chat,2024-09-04,120,"Ben Carter",1,2024-09-09,96,SLA_Breached
TKT-100407,"Nicole Burns",butlerbobby@example.com,"Refund status - Happy","Hi Support, I noticed a double charge on my statement for last month. Eight result culture argue star probably.",Billing,Low,Email,2025-05-15,21,"Elena Rodriguez",3,2025-05-15,96,SLA_Met
TKT-100408,"Brian Ramos",Billy.Gonzalez@enterprise.org,"Installation issue - Feeling","Hi Support, The application crashes every time I open the settings tab. Conference follow matter involve memory.",Technical,Low,"Web Form",2025-06-09,40,"Chloe Adams",2,2025-06-10,96,SLA_Met
TKT-100409,"Sara Walton",Miguel.Williams@tech.io,"API Error 500 - Religious","Hi Support, The application crashes every time I open the settings tab. Child exist go three could.",Technical,High,Email,2024-04-28,22,"Ben Carter",5,2024-04-28,48,SLA_Met
TKT-100410,"Colleen Ochoa",andrewhardy@example.org,"Pricing tiers - Raise","Hi Support, How does the team pricing tier work? In account back size body.","General Inquiry",Low,Chat,2025-12-16,32,"Chloe Adams",4,2025-12-17,96,SLA_Met
TKT-100411,"Jill Peterson",jodimurphy@example.com,"Subscription upgrade - Hard","Hi Support, I want to permanently delete my account and data. Seat speak pass Mrs write look.",Account,Low,Chat,2024-11-16,32,"Ben Carter",1,2024-11-17,96,SLA_Met
TKT-100412,"Stephanie Weaver",Joshua.Buchanan@tech.io,"Payment failed - Wife","Hi Support, Why is my bill higher than the agreed amount? Five nation plant president.",Billing,Low,Email,2024-09-03,120,"Chloe Adams",3,2024-09-08,96,SLA_Breached
TKT-100413,"Joseph Stuart",sherijones@example.com,"Charged twice - Economy","Hi Support, I requested a refund 5 days ago, where is it? Drop south thousand crime.",Billing,Medium,Email,2025-04-28,120,"Ben Carter",1,2025-05-03,72,SLA_Breached
TKT-100414,"Crystal Patterson",Ashley.Hernandez@enterprise.org,"Invoice discrepancy - Try","Hi Support, Can you send me the invoice for transaction #99283? Standard age glass two son program.",Billing,Low,Chat,2025-06-23,11,"Elena Rodriguez",5,2025-06-23,96,SLA_Met
TKT-100415,"Tamara Garcia",moorejessica@example.com,"Charged twice - Firm","Hi Support, I requested a refund 5 days ago, where is it? Range church during maintain.",Billing,Low,Email,2025-02-24,49,"Ben Carter",4,2025-02-26,96,SLA_Met
TKT-100416,"Julie Lee",Julie.Smith@enterprise.org,"Product question - Tree","Hi Support, What are your support operating hours? Me church course develop to all.","General Inquiry",Medium,"Web Form",2024-06-02,10,"Anya Sharma",3,2024-06-02,72,SLA_Met
TKT-100417,"Taylor Lee",jessicagraves@example.net,"Data not syncing - Heavy","Hi Support, How do I install the latest patch on Windows 11? Usually record evening challenge.",Technical,Medium,Chat,2024-11-13,120,"David Kim",5,2024-11-18,72,SLA_Breached
TKT-100418,"Craig Costa",suttonjose@example.org,"Demo request - Describe","Hi Support, Where is your headquarters located? Hard which physical amount.","General Inquiry",Low,Email,2025-04-20,120,"Ben Carter",3,2025-04-25,96,SLA_Breached
TKT-100419,"Nathan Smith",Keith.Giles@enterprise.org,"Suspicious charge - Professor","Hi Support, I have been trying to update my payment method but it keeps failing. Their name scientist which stop economic wide.",Billing,Low,"Web Form",2025-06-16,50,"David Kim",3,2025-06-18,96,SLA_Met
TKT-100420,"Vickie Spencer",uaguilar@example.org,"API Error 500 - These","Hi Support, We are receiving a 500 Internal Server Error on the API endpoint. Within cause politics politics.",Technical,High,"Web Form",2024-05-20,30,"Ben Carter",5,2024-05-21,48,SLA_Met
TKT-100421,"Ross Williams",Theresa.Gray@tech.io,"Charged twice - Industry","Hi Support, I requested a refund 5 days ago, where is it? Cut risk design book technology international worry.",Billing,Medium,Email,2025-04-22,37,"Elena Rodriguez",4,2025-04-23,72,SLA_Met
TKT-100422,"Joanne Park",mitchelljennifer@example.org,"Change email - Least","Hi Support, My profile picture is not updating. Believe because bed read.",Account,Low,Chat,2024-11-01,27,"Elena Rodriguez",2,2024-11-02,96,SLA_Met
TKT-100423,"Stephanie Henry",knoxmichael@example.com,"Suspicious charge - Can","Hi Support, I noticed a double charge on my statement for last month. Opportunity hard from.",Billing,Low,"Web Form",2024-12-25,4,"Elena Rodriguez",1,2024-12-25,96,SLA_Met
TKT-100424,"Christian Blevins",gwood@example.com,"Office location - Enjoy","Hi Support, How does the team pricing tier work? Yourself even green blood.","General Inquiry",Low,"Web Form",2024-10-03,120,"David Kim",4,2024-10-08,96,SLA_Breached
TKT-100425,"Mark White",valerie71@example.org,"Screen freezes - Yourself","Hi Support, My data hasn't synced to the cloud for 24 hours. Exactly popular heavy establish political discuss couple.",Technical,Low,Chat,2024-07-27,78,"David Kim",4,2024-07-30,96,SLA_Met
TKT-100426,"Bradley Yang",benjamin04@example.com,"Feature request - Think","Hi Support, Where is your headquarters located? Begin may some we.","General Inquiry",Low,"Web Form",2025-05-28,55,"Anya Sharma",4,2025-05-30,96,SLA_Met
TKT-100427,"John Martin",Ryan.Roberts@tech.io,"Phishing attempt - Detail","Hi Support, I think my account has been compromised. Wife generation network three stage.",Fraud,High,Email,2024-05-23,6,"Ben Carter",2,2024-05-23,48,SLA_Met
TKT-100428,"Melody White",poolepeter@example.com,"Subscription upgrade - Account","Hi Support, How do I upgrade to the Enterprise plan? Strategy skill ask meet cold attorney kind.",Account,Medium,"Web Form",2025-05-09,36,"David Kim",4,2025-05-10,72,SLA_Met
TKT-100429,"Chris Diaz",kelleysamantha@example.org,"App crashing - Issue","Hi Support, The application crashes every time I open the settings tab. Race significant southern beat discuss.",Technical,Medium,"Web Form",2024-08-15,3,"Elena Rodriguez",4,2024-08-15,72,SLA_Met
TKT-100430,"Kathleen Johnson",yangtammy@example.net,"Suspicious charge - Machine","Hi Support, I have been trying to update my payment method but it keeps failing. A senior game relate.",Billing,High,Email,2024-02-17,2,"Anya Sharma",5,2024-02-17,48,SLA_Met
TKT-100431,"Tonya Gordon",Matthew.Smith@company.com,"Payment failed - Issue","Hi Support, I have been trying to update my payment method but it keeps failing. Animal rule program name.",Billing,Low,Chat,2024-01-04,24,"Elena Rodriguez",4,2024-01-05,96,SLA_Met
TKT-100432,"Taylor Johnson",Cynthia.Obrien@company.com,"Phishing attempt - Start","Hi Support, I received a suspicious email claiming to be support. What factor tell so partner home chance song.",Fraud,Critical,Chat,2025-05-14,5,"Anya Sharma",1,2025-05-14,24,SLA_Met
TKT-100433,"Carla Green MD",tylerconner@example.com,"Password reset - Together","Hi Support, How do I upgrade to the Enterprise plan? Remain four its.",Account,Medium,"Web Form",2025-04-03,41,"Ben Carter",4,2025-04-04,72,SLA_Met
TKT-100434,"William Johnson",sharonlewis@example.com,"Refund status - Apply","Hi Support, My subscription renewed automatically, but I wanted to cancel. Choice case language usually hope tough lose clearly.",Billing,Low,"Web Form",2025-11-05,25,"Elena Rodriguez",3,2025-11-06,96,SLA_Met
TKT-100435,"Diane Guzman",catherine98@example.net,"Login failed - Age","Hi Support, My data hasn't synced to the cloud for 24 hours. Lead hand because red argue trial.",Technical,High,Chat,2024-09-10,2,"Chloe Adams",4,2024-09-10,48,SLA_Met
TKT-100436,"Kevin Day",lauren56@example.net,"Password reset - Size","Hi Support, How do I upgrade to the Enterprise plan? Tv thank animal back budget program.",Account,Low,"Web Form",2024-09-14,11,"Chloe Adams",4,2024-09-14,96,SLA_Met
TKT-100437,"Vanessa Callahan",sara78@example.net,"API Error 500 - Meeting","Hi Support, We are receiving a 500 Internal Server Error on the API endpoint. Ready light response consider.",Technical,Medium,Email,2024-12-03,65,"David Kim",5,2024-12-05,72,SLA_Met
TKT-100438,"Ronald Wiggins",xcosta@example.com,"Subscription upgrade - That","Hi Support, I lost my phone and cannot pass the 2FA check. Recent military direction protect.",Account,Medium,Email,2025-05-12,54,"David Kim",3,2025-05-14,72,SLA_Met
TKT-100439,"Charles Maddox",Julie.Williams@company.com,"Unrecognized login - Physical","Hi Support, I think my account has been compromised. Here they go same pass threat me.",Fraud,Critical,Email,2025-09-30,1,"David Kim",2,2025-09-30,24,SLA_Met
TKT-100440,"Ashley Diaz",whitakerjennifer@example.com,"Invoice discrepancy - Born","Hi Support, I noticed a double charge on my statement for last month. Management position across identify realize several.",Billing,High,Chat,2025-11-09,17,"David Kim",2,2025-11-09,48,SLA_Met
TKT-100441,"Krista Hubbard",Samuel.Richardson@enterprise.org,"Pricing tiers - Just","Hi Support, How does the team pricing tier work? Necessary stand from never important cold.","General Inquiry",High,Chat,2024-08-09,45,"Elena Rodriguez",3,2024-08-10,48,SLA_Met
TKT-100442,"Andrea Martin",brenda92@example.net,"Login failed - Pick","Hi Support, The dashboard is not loading any data, just a spinning wheel. Operation much rich talk western security make.",Technical,Low,Chat,2025-08-05,92,"Chloe Adams",5,2025-08-08,96,SLA_Met
TKT-100443,"Latoya Bentley",Jane.Gutierrez@enterprise.org,"Delete account - Let","Hi Support, How do I upgrade to the Enterprise plan? Hour identify movement agree card Mrs field.",Account,Low,"Web Form",2024-03-17,31,"Ben Carter",5,2024-03-18,96,SLA_Met
TKT-100444,"Monique Garrett",tpalmer@example.net,"Charged twice - State","Hi Support, I have been trying to update my payment method but it keeps failing. Management loss during term family without.",Billing,Low,"Web Form",2025-08-30,16,"Elena Rodriguez",3,2025-08-30,96,SLA_Met
TKT-100445,"Sara Salinas",josephtran@example.com,"Subscription upgrade - Water","Hi Support, I lost my phone and cannot pass the 2FA check. Participant contain year whom fly already effect action.",Account,High,Email,2024-07-10,24,"Ben Carter",4,2024-07-11,48,SLA_Met
TKT-100446,"Susan Thomas",lunabrittany@example.org,"Refund status - Dream","Hi Support, Why is my bill higher than the agreed amount? Education development within people traditional.",Billing,Low,"Web Form",2025-02-01,35,"Anya Sharma",1,2025-02-02,96,SLA_Met
TKT-100447,"Steven Mclean",Kristi.Perkins@company.com,"Installation issue - Into","Hi Support, The dashboard is not loading any data, just a spinning wheel. Collection world program gun admit available not.",Technical,High,"Web Form",2024-10-30,39,"Anya Sharma",2,2024-10-31,48,SLA_Met
TKT-100448,"Gabrielle Dorsey",alisondickerson@example.com,"Product question - Article","Hi Support, Is there a roadmap for new features this year? Evidence difference follow upon word.","General Inquiry",Medium,"Web Form",2024-03-20,36,"Chloe Adams",5,2024-03-21,72,SLA_Met
TKT-100449,"Kristin Hicks",Jordan.Martinez@enterprise.org,"Suspicious charge - Itself","Hi Support, I requested a refund 5 days ago, where is it? National election movie there city mean.",Billing,Low,Chat,2025-10-05,31,"Ben Carter",3,2025-10-06,96,SLA_Met
TKT-100450,"Tammy Sloan",debrawolf@example.com,"Installation issue - Study","Hi Support, I cannot log into my account even after resetting the password. Consumer red somebody increase effort reveal.",Technical,Medium,Email,2025-06-13,4,"Elena Rodriguez",1,2025-06-13,72,SLA_Met
TKT-100451,"Brandon Fuentes",lopezjoseph@example.net,"Data not syncing - Instead","Hi Support, How do I install the latest patch on Windows 11? Issue almost national control power present.",Technical,Low,Chat,2024-11-18,70,"David Kim",4,2024-11-20,96,SLA_Met
TKT-100452,"Angela Brown",michaelgarcia@example.com,"Login failed - Support","Hi Support, The application crashes every time I open the settings tab. Method approach partner behavior.",Technical,Medium,Email,2025-11-06,6,"Chloe Adams",4,2025-11-06,72,SLA_Met
TKT-100453,"Mary Cruz",gjones@example.org,"Update credit card - More","Hi Support, I noticed a double charge on my statement for last month. Stand girl best generation full.",Billing,Low,Chat,2025-02-04,80,"Anya Sharma",5,2025-02-07,96,SLA_Met
TKT-100454,"Rose Horton",Christopher.Noble@enterprise.org,"Screen freezes - Tend","Hi Support, We are receiving a 500 Internal Server Error on the API endpoint. Pattern daughter perform discussion later someone do.",Technical,Medium,Chat,2024-06-06,120,"Anya Sharma",5,2024-06-11,72,SLA_Breached
TKT-100455,"Victoria Bryant",gbrooks@example.org,"Payment failed - Lose","Hi Support, My subscription renewed automatically, but I wanted to cancel. Quality ball central difficult describe young responsibility.",Billing,Low,"Web Form",2024-05-11,11,"Anya Sharma",4,2024-05-11,96,SLA_Met
TKT-100456,"Michele Walker",Larry.Gilmore@tech.io,"Screen freezes - Light","Hi Support, The dashboard is not loading any data, just a spinning wheel. Low nice dinner cell PM.",Technical,Medium,Chat,2025-11-04,100,"David Kim",5,2025-11-08,72,SLA_Breached
TKT-100457,"Barbara Patton",Kimberly.Wang@tech.io,"App crashing - Bill","Hi Support, My data hasn't synced to the cloud for 24 hours. Include information letter teach would pass.",Technical,Critical,"Web Form",2024-08-16,1,"Chloe Adams",3,2024-08-16,24,SLA_Met
TKT-100458,"Barbara Rogers",hannah49@example.com,"Suspicious activity - Fire","Hi Support, I think my account has been compromised. Call year pretty material simply issue through.",Fraud,Critical,Email,2024-05-14,3,"Elena Rodriguez",2,2024-05-14,24,SLA_Met
TKT-100459,"Marilyn White",fbrooks@example.com,"Screen freezes - Shake","Hi Support, I cannot log into my account even after resetting the password. Water certainly talk position back building.",Technical,Medium,"Web Form",2024-02-07,120,"Ben Carter",3,2024-02-12,72,SLA_Breached
TKT-100460,"Nina Warren",michael80@example.com,"API Error 500 - Say","Hi Support, My data hasn't synced to the cloud for 24 hours. Feel building school crime civil player likely.",Technical,Medium,"Web Form",2025-01-01,54,"Anya Sharma",4,2025-01-03,72,SLA_Met
TKT-100461,"Larry Black",denisetaylor@example.org,"Screen freezes - Smile","Hi Support, The dashboard is not loading any data, just a spinning wheel. Market candidate would kitchen sing major moment.",Technical,High,Email,2025-10-23,4,"David Kim",5,2025-10-23,48,SLA_Met
TKT-100462,"Mason Larsen",mary25@example.net,"Payment failed - Sister","Hi Support, I have been trying to update my payment method but it keeps failing. Show believe hit agreement next everyone member power.",Billing,Low,"Web Form",2024-02-17,65,"Elena Rodriguez",1,2024-02-19,96,SLA_Met
TKT-100463,"Dr. Shannon Evans MD",kimberlywalters@example.org,"Update credit card - Tell","Hi Support, Why is my bill higher than the agreed amount? Note another almost box interest middle quite science.",Billing,Low,Chat,2025-10-27,63,"David Kim",4,2025-10-29,96,SLA_Met
TKT-100464,"Rebecca Roman",Bryan.Burnett@company.com,"Suspicious charge - Film","Hi Support, I noticed a double charge on my statement for last month. Factor take close least million.",Billing,Low,Email,2024-05-02,7,"Ben Carter",5,2024-05-02,96,SLA_Met
TKT-100465,"Sierra Davis",johnsonashley@example.net,"Invoice discrepancy - Kitchen","Hi Support, Can you send me the invoice for transaction #99283? Citizen job star we certainly finish.",Billing,Low,Chat,2025-09-28,29,"Anya Sharma",3,2025-09-29,96,SLA_Met
TKT-100466,"Mark Bartlett",yhorton@example.org,"Screen freezes - Past","Hi Support, My data hasn't synced to the cloud for 24 hours. Head rather believe shoulder.",Technical,Critical,Email,2025-02-19,16,"Ben Carter",1,2025-02-19,24,SLA_Met
TKT-100467,"Erika Jackson",kristy09@example.org,"Profile update - Should","Hi Support, I lost my phone and cannot pass the 2FA check. Wish speak society best guy.",Account,Medium,"Web Form",2024-08-21,11,"Elena Rodriguez",5,2024-08-21,72,SLA_Met
TKT-100468,"Andrew Lee",Gloria.Wright@tech.io,"Refund status - Agency","Hi Support, My subscription renewed automatically, but I wanted to cancel. Four real president book question newspaper the.",Billing,Low,Email,2024-12-14,120,"Elena Rodriguez",5,2024-12-19,96,SLA_Breached
TKT-100469,"Mary Lopez",Robert.Palmer@company.com,"Invoice discrepancy - Computer","Hi Support, Why is my bill higher than the agreed amount? Population leader between onto so though.",Billing,Low,"Web Form",2025-02-27,12,"Chloe Adams",2,2025-02-27,96,SLA_Met
TKT-100470,"Taylor Carter",Dominique.Hoffman@company.com,"API Error 500 - Whole","Hi Support, We are receiving a 500 Internal Server Error on the API endpoint. Radio young finish blue front western beat.",Technical,Medium,"Web Form",2025-12-31,47,"Ben Carter",5,2026-01-01,72,SLA_Met
TKT-100471,"Billy George",Alfred.Hayes@enterprise.org,"Invoice discrepancy - Politics","Hi Support, Can you send me the invoice for transaction #99283? Down during prove between produce little drive.",Billing,Low,Chat,2024-05-12,2,"Elena Rodriguez",5,2024-05-12,96,SLA_Met
TKT-100472,"Carrie King",mbarr@example.net,"Refund status - Wish","Hi Support, I requested a refund 5 days ago, where is it? Dog claim government offer item write.",Billing,Medium,Email,2024-05-01,9,"Elena Rodriguez",5,2024-05-01,72,SLA_Met
TKT-100473,"Jennifer Roberts",Andrea.Medina@company.com,"Hours of operation - Structure","Hi Support, Do you offer a discount for non-profits? Traditional subject evening.","General Inquiry",Low,Chat,2024-11-26,91,"Ben Carter",5,2024-11-29,96,SLA_Met
TKT-100474,"Frank Ware",Aaron.Sheppard@tech.io,"Update credit card - Enjoy","Hi Support, I requested a refund 5 days ago, where is it? Son certainly charge television job commercial.",Billing,Medium,Chat,2024-07-03,120,"Elena Rodriguez",1,2024-07-08,72,SLA_Breached
TKT-100475,"Timothy Gardner",jacksonroberto@example.org,"Delete account - More","Hi Support, I lost my phone and cannot pass the 2FA check. Compare these hand significant fine oil that ten.",Account,Low,Chat,2025-04-28,92,"Ben Carter",4,2025-05-01,96,SLA_Met
TKT-100476,"Rachel Lee",washingtonmargaret@example.org,"Data not syncing - Increase","Hi Support, I cannot log into my account even after resetting the password. Evening both sometimes hour almost west.",Technical,Medium,Chat,2024-10-04,93,"Anya Sharma",4,2024-10-07,72,SLA_Breached
TKT-100477,"Michelle Cochran",daviswilliam@example.com,"Feature request - Organization","Hi Support, How does the team pricing tier work? Pretty pretty glass yes young pretty.","General Inquiry",Low,Email,2025-06-30,120,"Elena Rodriguez",5,2025-07-05,96,SLA_Breached
TKT-100478,"Rebecca Morrow",allison09@example.com,"Profile update - Front","Hi Support, I am not receiving the password reset email. Toward but quickly event edge man president.",Account,Medium,Email,2025-09-15,7,"Ben Carter",5,2025-09-15,72,SLA_Met
TKT-100479,"Albert Cole",tvillarreal@example.net,"Demo request - Language","Hi Support, I would like to request a demo for my team. Issue billion billion opportunity call agent.","General Inquiry",Low,Email,2024-07-03,5,"Anya Sharma",4,2024-07-03,96,SLA_Met
TKT-100480,"Brenda Martinez",travis84@example.net,"Installation issue - Baby","Hi Support, How do I install the latest patch on Windows 11? Practice kid civil.",Technical,Critical,Chat,2025-07-24,2,"Elena Rodriguez",4,2025-07-24,24,SLA_Met
TKT-100481,"Karen Crosby",margaret64@example.com,"Change email - They","Hi Support, I want to permanently delete my account and data. Yes away win.",Account,Low,Chat,2024-09-02,60,"Ben Carter",4,2024-09-04,96,SLA_Met
TKT-100482,"Douglas Kelly",townsendjoshua@example.org,"Change email - Issue","Hi Support, I want to permanently delete my account and data. Piece wonder garden despite several former.",Account,Medium,Chat,2024-11-30,20,"Anya Sharma",3,2024-11-30,72,SLA_Met
TKT-100483,"Lucas Martinez",sotolisa@example.net,"Installation issue - Director","Hi Support, The application crashes every time I open the settings tab. People prove out president cell.",Technical,High,"Web Form",2025-04-03,22,"Ben Carter",3,2025-04-03,48,SLA_Met
TKT-100484,"Corey Williams IV",hernandezjustin@example.net,"Office location - Over","Hi Support, I would like to request a demo for my team. Plant year project moment industry front skill.","General Inquiry",High,Email,2024-11-10,11,"David Kim",4,2024-11-10,48,SLA_Met
TKT-100485,"Evan Hebert",gloriaschroeder@example.org,"Pricing tiers - Contain","Hi Support, I would like to request a demo for my team. Seek although later director water.","General Inquiry",Medium,Email,2025-06-12,89,"David Kim",3,2025-06-15,72,SLA_Breached
TKT-100486,"Jeffrey Williams",lewisharold@example.org,"Feature request - Especially","Hi Support, What are your support operating hours? Leg great less reality.","General Inquiry",Low,Chat,2025-08-13,23,"Elena Rodriguez",4,2025-08-13,96,SLA_Met
TKT-100487,"Charles Frazier",Jeffery.Campos@tech.io,"Stolen card - Firm","Hi Support, Lock my account immediately, I see transactions I didn't make. List spend site simply rock society statement remain.",Fraud,Critical,"Web Form",2025-12-24,24,"Chloe Adams",5,2025-12-25,24,SLA_Met
TKT-100488,"Jerome Rose",Douglas.Cunningham@company.com,"Feature request - Friend","Hi Support, Do you offer a discount for non-profits? Measure can sense relate most night.","General Inquiry",High,Chat,2025-05-04,7,"Anya Sharma",4,2025-05-04,48,SLA_Met
TKT-100489,"Jessica Knight",rcross@example.org,"Installation issue - End","Hi Support, I cannot log into my account even after resetting the password. How citizen upon ago.",Technical,Critical,Email,2025-05-11,15,"Ben Carter",4,2025-05-11,24,SLA_Met
TKT-100490,"Richard Shah",townsendtammy@example.net,"Invoice discrepancy - Carry","Hi Support, I have been trying to update my payment method but it keeps failing. Hope agreement wide understand whether.",Billing,Medium,Chat,2024-09-03,18,"David Kim",5,2024-09-03,72,SLA_Met
TKT-100491,"Aaron Jensen",raymondzuniga@example.net,"Installation issue - Mother","Hi Support, The application crashes every time I open the settings tab. Director answer your rule structure put.",Technical,Low,Chat,2024-09-18,81,"David Kim",5,2024-09-21,96,SLA_Met
TKT-100492,"Daniel Newton",matthew49@example.com,"Data not syncing - Land","Hi Support, How do I install the latest patch on Windows 11? Dog community always evidence policy.",Technical,Low,"Web Form",2025-11-11,9,"Anya Sharma",3,2025-11-11,96,SLA_Met
TKT-100493,"Jamie Evans",sharon21@example.net,"App crashing - Certain","Hi Support, I cannot log into my account even after resetting the password. Raise mention your.",Technical,Critical,Email,2024-02-05,4,"Ben Carter",4,2024-02-05,24,SLA_Met
TKT-100494,"Lisa Herrera",gsmith@example.org,"API Error 500 - Nor","Hi Support, How do I install the latest patch on Windows 11? Her soon sport I among consumer their down.",Technical,High,Email,2024-03-08,8,"Anya Sharma",5,2024-03-08,48,SLA_Met
TKT-100495,"Brianna Casey",debra46@example.net,"Delete account - World","Hi Support, How do I upgrade to the Enterprise plan? Management firm near easy represent.",Account,Low,"Web Form",2025-12-19,38,"David Kim",5,2025-12-20,96,SLA_Met
TKT-100496,"Melanie Chambers",Keith.Todd@company.com,"API Error 500 - Help","Hi Support, My data hasn't synced to the cloud for 24 hours. Huge crime between draw recent.",Technical,High,Chat,2025-06-27,39,"Anya Sharma",5,2025-06-28,48,SLA_Met
TKT-100497,"Kathleen Williams",pennywalker@example.net,"Delete account - That","Hi Support, My profile picture is not updating. Fish standard food power.",Account,High,"Web Form",2025-03-30,9,"David Kim",5,2025-03-30,48,SLA_Met
TKT-100498,"Tina King",zacharyjones@example.com,"Data not syncing - Hold","Hi Support, I cannot log into my account even after resetting the password. Want society finally wish southern report end.",Technical,Medium,Email,2025-10-30,33,"Anya Sharma",5,2025-10-31,72,SLA_Met
TKT-100499,"Timothy Cooke",tinalee@example.com,"Profile update - Particular","Hi Support, I am not receiving the password reset email. Culture west space hundred.",Account,Medium,"Web Form",2024-06-25,23,"David Kim",5,2024-06-25,72,SLA_Met
TKT-100500,"Patricia Andersen",Robert.Garcia@enterprise.org,"Screen freezes - Social","Hi Support, The application crashes every time I open the settings tab. Speak argue maybe girl police.",Technical,Medium,"Web Form",2024-06-06,87,"Ben Carter",5,2024-06-09,72,SLA_Breached
TKT-100501,"Trevor Wilkins",rbrown@example.net,"Demo request - Federal","Hi Support, How does the team pricing tier work? Soldier material bar.","General Inquiry",Medium,"Web Form",2024-11-27,61,"Chloe Adams",5,2024-11-29,72,SLA_Met
TKT-100502,"Cheryl Cuevas",Virginia.Lee@tech.io,"Office location - Half","Hi Support, Is there a roadmap for new features this year? Heart entire debate along west laugh field paper.","General Inquiry",High,Chat,2025-07-28,13,"Ben Carter",4,2025-07-28,48,SLA_Met
TKT-100503,"Adam Pitts",echavez@example.com,"Charged twice - Admit","Hi Support, Why is my bill higher than the agreed amount? Whom could green hundred ever both then.",Billing,Medium,Chat,2024-05-31,16,"Ben Carter",3,2024-05-31,72,SLA_Met
TKT-100504,"Mrs. Melissa Brown",matthewanderson@example.com,"App crashing - Any","Hi Support, The application crashes every time I open the settings tab. Choose important suffer affect politics hospital sing.",Technical,High,"Web Form",2025-08-29,17,"Ben Carter",5,2025-08-29,48,SLA_Met
TKT-100505,"Jack Alexander",billy09@example.org,"Feature request - Street","Hi Support, I would like to request a demo for my team. They occur little democratic.","General Inquiry",Medium,"Web Form",2024-12-29,26,"Chloe Adams",5,2024-12-30,72,SLA_Met
TKT-100506,"Ronnie Taylor",Christopher.Lee@tech.io,"Password reset - Want","Hi Support, I want to permanently delete my account and data. Use us be American job indeed.",Account,Low,"Web Form",2025-08-22,120,"Anya Sharma",5,2025-08-27,96,SLA_Breached
TKT-100507,"Phillip Delacruz",holmesdonna@example.org,"Installation issue - New","Hi Support, The dashboard is not loading any data, just a spinning wheel. Prove quickly in onto social.",Technical,High,Email,2025-06-17,8,"Chloe Adams",4,2025-06-17,48,SLA_Met
TKT-100508,"James Lawson",kimberly81@example.org,"Invoice discrepancy - Realize","Hi Support, I requested a refund 5 days ago, where is it? We expert skill when wish doctor war note.",Billing,High,"Web Form",2025-02-28,77,"Elena Rodriguez",3,2025-03-03,48,SLA_Breached
TKT-100509,"Paul Gilmore",torresamber@example.org,"App crashing - Large","Hi Support, We are receiving a 500 Internal Server Error on the API endpoint. American attack game drop.",Technical,High,"Web Form",2024-07-22,28,"Anya Sharma",5,2024-07-23,48,SLA_Met
TKT-100510,"Linda Simpson",griffinjay@example.com,"Profile update - Around","Hi Support, I want to permanently delete my account and data. Carry democratic education them.",Account,High,Chat,2024-10-30,36,"Ben Carter",4,2024-10-31,48,SLA_Met
TKT-100511,"Sean Atkinson",ryan47@example.net,"Login failed - Most","Hi Support, The dashboard is not loading any data, just a spinning wheel. Ago say walk husband.",Technical,High,Chat,2025-02-28,17,"Chloe Adams",4,2025-02-28,48,SLA_Met
TKT-100512,"Jerry King",John.Fisher@tech.io,"App crashing - Start","Hi Support, My data hasn't synced to the cloud for 24 hours. Program especially Mrs win sometimes pass agent.",Technical,Medium,"Web Form",2025-05-08,22,"Ben Carter",4,2025-05-08,72,SLA_Met
TKT-100513,"Timothy Fields",hernandezkristen@example.net,"Screen freezes - Last","Hi Support, The application crashes every time I open the settings tab. Statement less point base fall reveal former piece.",Technical,High,Email,2025-03-16,28,"Elena Rodriguez",2,2025-03-17,48,SLA_Met
TKT-100514,"Melvin Brown DDS",justinramos@example.net,"Subscription upgrade - Dark","Hi Support, Please help me change the email address associated with my account. Bad subject appear.",Account,Medium,"Web Form",2024-12-04,37,"Chloe Adams",5,2024-12-05,72,SLA_Met
TKT-100515,"Michael Lee",jasonrobinson@example.org,"Login failed - Knowledge","Hi Support, I cannot log into my account even after resetting the password. Table decade tough garden offer at fire.",Technical,High,Email,2025-11-27,16,"David Kim",5,2025-11-27,48,SLA_Met
TKT-100516,"George Johnson",Philip.Fuentes@tech.io,"Update credit card - Language","Hi Support, Why is my bill higher than the agreed amount? Because report suggest major leader course offer.",Billing,High,Chat,2025-10-04,12,"David Kim",5,2025-10-04,48,SLA_Met
TKT-100517,"Heather Gillespie",Douglas.Fields@enterprise.org,"Unrecognized login - Statement","Hi Support, Lock my account immediately, I see transactions I didn't make. Protect especially feeling argue authority reduce act month.",Fraud,High,Email,2025-10-25,13,"Ben Carter",1,2025-10-25,48,SLA_Met
TKT-100518,"Marcus French",Chelsea.Brown@tech.io,"Refund status - Choose","Hi Support, I have been trying to update my payment method but it keeps failing. Tree rate save music stay.",Billing,Medium,Email,2025-01-29,69,"Anya Sharma",5,2025-01-31,72,SLA_Met
TKT-100519,"Jennifer Smith",ynewman@example.net,"Product question - Push","Hi Support, Is there a roadmap for new features this year? Fall hundred own water tell marriage.","General Inquiry",Low,Email,2024-04-21,120,"Anya Sharma",5,2024-04-26,96,SLA_Breached
TKT-100520,"Donald Vega",Eric.Walsh@enterprise.org,"Payment failed - Fact","Hi Support, Why is my bill higher than the agreed amount? Machine admit necessary become all.",Billing,High,Chat,2024-11-24,120,"Anya Sharma",4,2024-11-29,48,SLA_Breached
TKT-100521,"Martin Brown",mooresean@example.net,"Installation issue - Attack","Hi Support, How do I install the latest patch on Windows 11? Whether provide than deep once pretty agreement.",Technical,High,"Web Form",2024-08-28,71,"David Kim",5,2024-08-30,48,SLA_Breached
TKT-100522,"David Serrano",kimberly44@example.net,"Subscription upgrade - Own","Hi Support, How do I upgrade to the Enterprise plan? Save may event or throughout us political.",Account,Low,Chat,2024-08-20,68,"Elena Rodriguez",3,2024-08-22,96,SLA_Met
TKT-100523,"Matthew Meyers",howardvictor@example.net,"Product question - Run","Hi Support, I would like to request a demo for my team. Several city new process.","General Inquiry",Medium,Chat,2024-03-18,64,"Elena Rodriguez",4,2024-03-20,72,SLA_Met
TKT-100524,"Jenny Simmons",mcphersontina@example.org,"Payment failed - Although","Hi Support, Why is my bill higher than the agreed amount? Movement military teach hold reveal rule body.",Billing,Low,Email,2024-08-11,13,"Anya Sharma",3,2024-08-11,96,SLA_Met
TKT-100525,"Lindsey Collier",rnguyen@example.com,"Invoice discrepancy - Personal","Hi Support, I requested a refund 5 days ago, where is it? Miss check how scene language cell.",Billing,Low,Email,2025-12-09,7,"Ben Carter",1,2025-12-09,96,SLA_Met
TKT-100526,"George Scott",David.Griffin@enterprise.org,"App crashing - Example","Hi Support, How do I install the latest patch on Windows 11? Character more likely group admit property sit.",Technical,Low,Email,2025-01-27,112,"David Kim",4,2025-01-31,96,SLA_Breached
TKT-100527,"Amber Nichols",williamsjennifer@example.net,"Suspicious charge - Role","Hi Support, I have been trying to update my payment method but it keeps failing. Cultural successful out buy exactly.",Billing,Low,Email,2024-09-18,120,"Chloe Adams",1,2024-09-23,96,SLA_Breached
TKT-100528,"Alicia Murray",deborahwilliams@example.com,"Screen freezes - Wonder","Hi Support, We are receiving a 500 Internal Server Error on the API endpoint. Camera author hope air.",Technical,Medium,"Web Form",2025-11-29,45,"Anya Sharma",5,2025-11-30,72,SLA_Met
TKT-100529,"Richard Cochran",tbennett@example.org,"Invoice discrepancy - Task","Hi Support, I requested a refund 5 days ago, where is it? Action hotel appear too city write.",Billing,Low,"Web Form",2025-06-05,79,"Anya Sharma",5,2025-06-08,96,SLA_Met
TKT-100530,"Deborah Burke DDS",Melissa.Taylor@enterprise.org,"Refund status - Hand","Hi Support, I requested a refund 5 days ago, where is it? Feeling throughout seek address economic hot manage.",Billing,Medium,Email,2025-07-23,10,"Chloe Adams",5,2025-07-23,72,SLA_Met
TKT-100531,"Lori Holt",ericwright@example.org,"API Error 500 - News","Hi Support, The application crashes every time I open the settings tab. Surface car view thought pressure bad social.",Technical,Critical,Email,2025-10-20,1,"Chloe Adams",4,2025-10-20,24,SLA_Met
TKT-100532,"Amanda Williams",fperez@example.net,"Login failed - Particularly","Hi Support, We are receiving a 500 Internal Server Error on the API endpoint. Soon glass production sometimes the.",Technical,Medium,Chat,2024-09-09,42,"Chloe Adams",5,2024-09-10,72,SLA_Met
TKT-100533,"Bryce Zamora",thomascarson@example.com,"Payment failed - Measure","Hi Support, Can you send me the invoice for transaction #99283? Nature material memory film kitchen cold market away.",Billing,Medium,Chat,2025-08-23,1,"Elena Rodriguez",4,2025-08-23,72,SLA_Met
TKT-100534,"Juan Carr",anthony22@example.org,"Charged twice - Plan","Hi Support, I have been trying to update my payment method but it keeps failing. Democratic prove on forget.",Billing,Medium,"Web Form",2024-08-07,120,"David Kim",2,2024-08-12,72,SLA_Breached
TKT-100535,"Erica Smith",ktucker@example.com,"Demo request - Environmental","Hi Support, Where is your headquarters located? Appear computer president avoid.","General Inquiry",Medium,"Web Form",2025-04-10,13,"Ben Carter",4,2025-04-10,72,SLA_Met
TKT-100536,"Elizabeth Larsen",Sara.Kirby@company.com,"Subscription upgrade - Prevent","Hi Support, I am not receiving the password reset email. Effect owner chair put.",Account,Medium,Email,2025-07-12,1,"Anya Sharma",4,2025-07-12,72,SLA_Met
TKT-100537,"Thomas Frank",lisa20@example.net,"Delete account - Seek","Hi Support, I am not receiving the password reset email. Employee class conference guy her.",Account,High,"Web Form",2024-07-14,6,"Elena Rodriguez",4,2024-07-14,48,SLA_Met
TKT-100538,"Courtney Romero",mathewsjessica@example.net,"Installation issue - My","Hi Support, I cannot log into my account even after resetting the password. Between sister war dark continue degree those.",Technical,Medium,Email,2025-03-31,10,"Ben Carter",5,2025-03-31,72,SLA_Met
TKT-100539,"Travis Powers",Sharon.Jackson@enterprise.org,"Payment failed - Up","Hi Support, I noticed a double charge on my statement for last month. Win true majority main join sure one east.",Billing,Low,Chat,2025-05-25,4,"Ben Carter",4,2025-05-25,96,SLA_Met
TKT-100540,"Danielle Powell",dickersonjustin@example.com,"Payment failed - Daughter","Hi Support, My subscription renewed automatically, but I wanted to cancel. Scene child those better detail.",Billing,High,Chat,2025-12-15,34,"Elena Rodriguez",4,2025-12-16,48,SLA_Met
TKT-100541,"Matthew Henderson",richardcombs@example.net,"Product question - Wide","Hi Support, I would like to request a demo for my team. Standard focus including I wind take.","General Inquiry",Medium,Chat,2025-01-22,25,"Anya Sharma",5,2025-01-23,72,SLA_Met
TKT-100542,"William Hernandez",kevinhickman@example.org,"Refund status - Benefit","Hi Support, Can you send me the invoice for transaction #99283? Laugh themselves summer center medical well north.",Billing,High,"Web Form",2024-03-27,26,"Ben Carter",3,2024-03-28,48,SLA_Met
TKT-100543,"Tiffany Roberts",Mitchell.Mckenzie@enterprise.org,"Password reset - Product","Hi Support, I am not receiving the password reset email. Paper some drug window.",Account,Medium,Email,2025-09-08,49,"Chloe Adams",5,2025-09-10,72,SLA_Met
TKT-100544,"Jared Garner",jeffery22@example.com,"Demo request - White","Hi Support, Is there a roadmap for new features this year? Police democratic beat help arm officer night.","General Inquiry",Low,"Web Form",2025-03-24,47,"Chloe Adams",5,2025-03-25,96,SLA_Met
TKT-100545,"David Murphy",madisonbecker@example.net,"Change email - Nation","Hi Support, I am not receiving the password reset email. Civil education project defense the money total.",Account,Medium,"Web Form",2024-12-18,21,"Ben Carter",4,2024-12-18,72,SLA_Met
TKT-100546,"Martin Barnes",fischertimothy@example.com,"Payment failed - Between","Hi Support, I noticed a double charge on my statement for last month. Behind reveal chance across begin.",Billing,Medium,Chat,2024-04-29,73,"Ben Carter",3,2024-05-02,72,SLA_Breached
TKT-100547,"Joseph Juarez",Timothy.Potts@company.com,"Charged twice - Teacher","Hi Support, I noticed a double charge on my statement for last month. Appear community surface natural paper simple picture.",Billing,Low,Chat,2025-05-17,16,"Chloe Adams",1,2025-05-17,96,SLA_Met
TKT-100548,"Douglas Galvan",joshua46@example.net,"Screen freezes - Huge","Hi Support, I cannot log into my account even after resetting the password. Side other defense edge instead as impact.",Technical,Low,"Web Form",2025-06-17,20,"Anya Sharma",5,2025-06-17,96,SLA_Met
TKT-100549,"Christian Morrow",Deborah.Thomas@company.com,"Update credit card - Drop","Hi Support, Can you send me the invoice for transaction #99283? Degree and check artist write produce.",Billing,Low,Chat,2025-10-02,120,"Elena Rodriguez",3,2025-10-07,96,SLA_Breached
TKT-100550,"Darren Ferguson",fernandezbrittney@example.com,"Demo request - Two","Hi Support, How does the team pricing tier work? Offer eight financial service.","General Inquiry",Low,Chat,2024-03-02,38,"David Kim",4,2024-03-03,96,SLA_Met
TKT-100551,"Julie Butler",ericksonwilliam@example.net,"Login failed - Coach","Hi Support, How do I install the latest patch on Windows 11? Important control husband several human.",Technical,High,"Web Form",2024-12-11,4,"Chloe Adams",5,2024-12-11,48,SLA_Met
TKT-100552,"Hayley Ramos",michaelarmstrong@example.com,"Login failed - Scientist","Hi Support, The dashboard is not loading any data, just a spinning wheel. Know practice sense actually image high job.",Technical,Low,Email,2025-05-23,89,"Elena Rodriguez",1,2025-05-26,96,SLA_Met
TKT-100553,"Amy Grant",Jordan.Jefferson@enterprise.org,"Update credit card - Organization","Hi Support, Why is my bill higher than the agreed amount? Edge office his by officer wrong medical.",Billing,Medium,Email,2024-07-31,6,"Anya Sharma",3,2024-07-31,72,SLA_Met
TKT-100554,"Brittany Bates DDS",victoria70@example.net,"Suspicious charge - Great","Hi Support, Can you send me the invoice for transaction #99283? New whole season control just expert.",Billing,High,"Web Form",2024-11-28,5,"David Kim",4,2024-11-28,48,SLA_Met
TKT-100555,"James Andrews",bryan38@example.net,"Hours of operation - Drug","Hi Support, I would like to request a demo for my team. The behavior hundred east system.","General Inquiry",Medium,"Web Form",2025-12-26,3,"Chloe Adams",5,2025-12-26,72,SLA_Met
TKT-100556,"Ryan Montgomery",Patricia.Knight@tech.io,"Demo request - May","Hi Support, What are your support operating hours? Leader new even eat field turn.","General Inquiry",Medium,Email,2024-02-13,46,"David Kim",5,2024-02-14,72,SLA_Met
TKT-100557,"Kimberly Johnston",angela22@example.net,"Demo request - Back","Hi Support, Where is your headquarters located? Little determine institution foreign that.","General Inquiry",Low,Email,2025-06-24,53,"Elena Rodriguez",5,2025-06-26,96,SLA_Met
TKT-100558,"Antonio Haynes",asmith@example.net,"Office location - Somebody","Hi Support, What are your support operating hours? Eight according law they including.","General Inquiry",Medium,Chat,2024-06-19,70,"Chloe Adams",4,2024-06-21,72,SLA_Met
TKT-100559,"Christopher Medina",robincase@example.com,"App crashing - Rich","Hi Support, We are receiving a 500 Internal Server Error on the API endpoint. Institution week buy present pretty.",Technical,Medium,"Web Form",2024-01-19,4,"Chloe Adams",3,2024-01-19,72,SLA_Met
TKT-100560,"Scott Meyer",Kristen.Romero@company.com,"App crashing - Enter","Hi Support, The application crashes every time I open the settings tab. Light exist generation rest.",Technical,Low,Chat,2024-08-08,20,"David Kim",4,2024-08-08,96,SLA_Met
TKT-100561,"Tracey Griffith",zscott@example.net,"Screen freezes - Evening","Hi Support, How do I install the latest patch on Windows 11? Occur red who town forget including.",Technical,Medium,Chat,2024-05-04,4,"Elena Rodriguez",4,2024-05-04,72,SLA_Met
TKT-100562,"Debbie Parks",edgar25@example.org,"Unrecognized login - Important","Hi Support, I received a login alert from a device in Russia, which wasn't me. Body political more office expert stay miss drug.",Fraud,Critical,Email,2025-02-02,6,"Ben Carter",3,2025-02-02,24,SLA_Met
TKT-100563,"Jesus Greene",timothy45@example.org,"Suspicious charge - Raise","Hi Support, I requested a refund 5 days ago, where is it? Blood civil understand step defense institution second.",Billing,Medium,Chat,2024-07-06,107,"Elena Rodriguez",1,2024-07-10,72,SLA_Breached
TKT-100564,"Jaime Browning",cummingsdiane@example.com,"Invoice discrepancy - Generation","Hi Support, My subscription renewed automatically, but I wanted to cancel. Though special capital become.",Billing,High,Chat,2024-04-15,2,"David Kim",5,2024-04-15,48,SLA_Met
TKT-100565,"Craig Long DDS",Barbara.Miller@company.com,"Subscription upgrade - Wrong","Hi Support, I am not receiving the password reset email. Tonight poor perform fast general star within.",Account,Low,Chat,2025-03-13,13,"Chloe Adams",4,2025-03-13,96,SLA_Met
TKT-100566,"Katherine Ramos",Heather.Michael@tech.io,"Product question - Significant","Hi Support, I would like to request a demo for my team. Whole government energy quite.","General Inquiry",Low,Email,2024-11-17,28,"Elena Rodriguez",2,2024-11-18,96,SLA_Met
TKT-100567,"Jennifer Simmons",Evan.Johnston@enterprise.org,"Demo request - Other","Hi Support, Do you offer a discount for non-profits? Poor must prevent.","General Inquiry",Low,"Web Form",2025-08-22,10,"David Kim",5,2025-08-22,96,SLA_Met
TKT-100568,"Katherine Walker",ggonzalez@example.com,"Refund status - Play","Hi Support, I have been trying to update my payment method but it keeps failing. Deep general each physical miss.",Billing,High,"Web Form",2025-09-29,7,"David Kim",5,2025-09-29,48,SLA_Met
TKT-100569,"Jacqueline Rollins",melissa53@example.net,"Screen freezes - Present","Hi Support, We are receiving a 500 Internal Server Error on the API endpoint. Practice lose throw these so.",Technical,Low,"Web Form",2025-04-08,17,"Chloe Adams",4,2025-04-08,96,SLA_Met
TKT-100570,"April James",anthonybriggs@example.com,"Demo request - Strategy","Hi Support, What are your support operating hours? Product three memory though whole.","General Inquiry",Low,Email,2025-12-28,66,"Elena Rodriguez",2,2025-12-30,96,SLA_Met
TKT-100571,"Sharon Austin",claytonbrandon@example.org,"API Error 500 - Also","Hi Support, How do I install the latest patch on Windows 11? Hear ok accept career food experience.",Technical,Medium,Email,2024-07-12,27,"David Kim",4,2024-07-13,72,SLA_Met
TKT-100572,"Yvonne Flores",Michael.Jackson@enterprise.org,"Screen freezes - Newspaper","Hi Support, We are receiving a 500 Internal Server Error on the API endpoint. Society trouble individual interview agree lawyer.",Technical,Medium,"Web Form",2025-03-03,18,"Anya Sharma",4,2025-03-03,72,SLA_Met
TKT-100573,"Stephen Hoover",conradruben@example.org,"Suspicious activity - Less","Hi Support, Someone used my card to make a purchase on your site. Floor college pretty increase too serve.",Fraud,Critical,"Web Form",2025-12-25,6,"Anya Sharma",5,2025-12-25,24,SLA_Met
TKT-100574,"Kaitlyn Hayes",sstevenson@example.net,"Installation issue - Any","Hi Support, I cannot log into my account even after resetting the password. Begin measure brother purpose.",Technical,Low,"Web Form",2024-05-14,79,"Ben Carter",4,2024-05-17,96,SLA_Met
TKT-100575,"Patrick Garrison",smcdonald@example.net,"Payment failed - Weight","Hi Support, Can you send me the invoice for transaction #99283? Sing blue large against community.",Billing,Low,Chat,2025-09-28,26,"Elena Rodriguez",2,2025-09-29,96,SLA_Met
TKT-100576,"Sheryl Hicks",angelweiss@example.org,"2FA issues - Magazine","Hi Support, I am not receiving the password reset email. Experience morning me another common.",Account,Low,"Web Form",2024-03-25,65,"Anya Sharma",4,2024-03-27,96,SLA_Met
TKT-100577,"Wesley Wright",manningryan@example.org,"Update credit card - Perform","Hi Support, Can you send me the invoice for transaction #99283? Word experience actually others always affect.",Billing,Low,"Web Form",2024-10-04,15,"Chloe Adams",4,2024-10-04,96,SLA_Met
TKT-100578,"Sharon Martinez",walshmark@example.net,"App crashing - Hundred","Hi Support, How do I install the latest patch on Windows 11? Here benefit million drive.",Technical,Medium,Email,2025-01-14,31,"Elena Rodriguez",3,2025-01-15,72,SLA_Met
TKT-100579,"Dennis Hansen",ududley@example.org,"Update credit card - Research","Hi Support, I have been trying to update my payment method but it keeps failing. Candidate position morning hospital.",Billing,Low,Chat,2024-07-16,4,"Chloe Adams",4,2024-07-16,96,SLA_Met
TKT-100580,"Nicholas Collins",gregory12@example.net,"Screen freezes - Air","Hi Support, How do I install the latest patch on Windows 11? Until what again bar.",Technical,Medium,Email,2025-07-16,1,"Elena Rodriguez",2,2025-07-16,72,SLA_Met
TKT-100581,"Daniel Kelly",Tyrone.Fischer@company.com,"Installation issue - Value","Hi Support, The application crashes every time I open the settings tab. Culture memory coach senior than person worry include.",Technical,High,"Web Form",2024-06-28,14,"Elena Rodriguez",5,2024-06-28,48,SLA_Met
TKT-100582,"Kenneth Hogan",tonyalewis@example.org,"2FA issues - Scene","Hi Support, I am not receiving the password reset email. Make quite candidate remember happen side how.",Account,Medium,"Web Form",2025-10-15,8,"Ben Carter",1,2025-10-15,72,SLA_Met
TKT-100583,"Larry Dominguez",brianwaters@example.org,"Stolen card - Image","Hi Support, I received a login alert from a device in Russia, which wasn't me. Rise someone defense opportunity his year describe.",Fraud,Critical,"Web Form",2024-01-03,10,"Ben Carter",2,2024-01-03,24,SLA_Met
TKT-100584,"Ashley Allen",kjohnson@example.com,"Login failed - Ten","Hi Support, My data hasn't synced to the cloud for 24 hours. Serve customer lawyer who rock.",Technical,Low,"Web Form",2024-04-17,22,"Ben Carter",5,2024-04-17,96,SLA_Met
TKT-100585,"Jeffrey Johns",floresjavier@example.org,"Refund status - Music","Hi Support, I requested a refund 5 days ago, where is it? Bit inside not thing citizen billion fine key.",Billing,Low,"Web Form",2025-09-06,66,"Chloe Adams",3,2025-09-08,96,SLA_Met
TKT-100586,"Holly Henderson",kingmartha@example.net,"Password reset - Leader","Hi Support, My profile picture is not updating. Although east him take institution.",Account,Low,Chat,2025-04-18,81,"Chloe Adams",5,2025-04-21,96,SLA_Met
TKT-100587,"Samantha Rogers",jeffreycastillo@example.com,"Installation issue - Forget","Hi Support, My data hasn't synced to the cloud for 24 hours. Work upon people nor fish partner.",Technical,Medium,Chat,2025-06-10,38,"Anya Sharma",5,2025-06-11,72,SLA_Met
TKT-100588,"Kristopher Mosley",oliverjessica@example.net,"Change email - Give","Hi Support, I lost my phone and cannot pass the 2FA check. Floor hold school job watch.",Account,Low,Chat,2025-08-25,44,"Anya Sharma",5,2025-08-26,96,SLA_Met
TKT-100589,"Jay Lopez",stephaniemiller@example.org,"Data not syncing - Happen","Hi Support, The dashboard is not loading any data, just a spinning wheel. Sense indeed also truth far player.",Technical,High,Chat,2024-09-27,10,"David Kim",5,2024-09-27,48,SLA_Met
TKT-100590,"Sarah Caldwell",parkerandrew@example.org,"Demo request - His","Hi Support, Where is your headquarters located? Rather smile player but return artist.","General Inquiry",Low,Chat,2025-03-30,9,"David Kim",5,2025-03-30,96,SLA_Met
TKT-100591,"Nicholas Clay",kimkaren@example.org,"Office location - Race","Hi Support, How does the team pricing tier work? Ok month price already.","General Inquiry",Medium,Chat,2025-07-25,97,"Chloe Adams",5,2025-07-29,72,SLA_Breached
TKT-100592,"William Watson",Misty.Flores@company.com,"Data not syncing - Our","Hi Support, My data hasn't synced to the cloud for 24 hours. Article defense me visit.",Technical,High,"Web Form",2025-10-07,7,"Elena Rodriguez",5,2025-10-07,48,SLA_Met
TKT-100593,"Jessica Cobb",vasquezalexis@example.net,"Stolen card - Thus","Hi Support, Why is there a new device added to my trusted list? Interesting prove bad left picture.",Fraud,Critical,"Web Form",2024-11-04,14,"Elena Rodriguez",4,2024-11-04,24,SLA_Met
TKT-100594,"Brittany Bryant",williamcrawford@example.net,"Charged twice - Successful","Hi Support, I requested a refund 5 days ago, where is it? Parent research day.",Billing,Low,"Web Form",2025-05-31,7,"Ben Carter",2,2025-05-31,96,SLA_Met
TKT-100595,"Vickie Ramirez",droberts@example.com,"Installation issue - Race","Hi Support, We are receiving a 500 Internal Server Error on the API endpoint. Heart part general program.",Technical,Medium,Chat,2025-10-11,94,"Ben Carter",3,2025-10-14,72,SLA_Breached
TKT-100596,"Michael Butler",Carrie.Johnson@company.com,"API Error 500 - Moment","Hi Support, The application crashes every time I open the settings tab. Behind whatever Democrat central young.",Technical,Medium,"Web Form",2024-07-17,112,"Chloe Adams",3,2024-07-21,72,SLA_Breached
TKT-100597,"Rebecca Hanson",Joseph.Baker@tech.io,"Password reset - Around","Hi Support, My profile picture is not updating. Nothing character cost cost.",Account,Low,Email,2024-02-15,120,"David Kim",4,2024-02-20,96,SLA_Breached
TKT-100598,"Jennifer Vargas",Adriana.Mckenzie@enterprise.org,"Login failed - Like","Hi Support, The dashboard is not loading any data, just a spinning wheel. That go successful.",Technical,Medium,Chat,2025-10-03,99,"David Kim",5,2025-10-07,72,SLA_Breached
TKT-100599,"Janet Greene",Matthew.Walker@company.com,"Invoice discrepancy - The","Hi Support, I requested a refund 5 days ago, where is it? Actually person election available worry meet chair begin.",Billing,Medium,Email,2025-03-14,15,"Chloe Adams",1,2025-03-14,72,SLA_Met
TKT-100600,"Gregory Maldonado",lopezlaura@example.net,"Demo request - Avoid","Hi Support, I would like to request a demo for my team. Report field Congress probably.","General Inquiry",High,Email,2024-01-27,43,"Elena Rodriguez",5,2024-01-28,48,SLA_Met
TKT-100601,"Charles Knight",alexrangel@example.com,"Login failed - Guy","Hi Support, We are receiving a 500 Internal Server Error on the API endpoint. He coach senior.",Technical,High,"Web Form",2025-05-12,1,"Anya Sharma",4,2025-05-12,48,SLA_Met
TKT-100602,"Steven Mcbride",shepardjustin@example.net,"Demo request - Exist","Hi Support, How does the team pricing tier work? Seek generation take detail everyone treatment.","General Inquiry",Medium,"Web Form",2024-12-03,47,"Ben Carter",4,2024-12-04,72,SLA_Met
TKT-100603,"Brandon Dixon",rowejohn@example.com,"Password reset - Key","Hi Support, Please help me change the email address associated with my account. Language purpose guy traditional.",Account,Low,"Web Form",2024-05-20,120,"Ben Carter",5,2024-05-25,96,SLA_Breached
TKT-100604,"David Brooks",Marvin.Hobbs@company.com,"Product question - Future","Hi Support, Is there a roadmap for new features this year? Agency any order nation attorney owner.","General Inquiry",Medium,Chat,2024-04-23,28,"Elena Rodriguez",5,2024-04-24,72,SLA_Met
TKT-100605,"Lori Henderson",qbradley@example.org,"Installation issue - Prepare","Hi Support, The dashboard is not loading any data, just a spinning wheel. Of happen leave himself provide.",Technical,High,Chat,2024-06-09,5,"Ben Carter",5,2024-06-09,48,SLA_Met
TKT-100606,"Melissa Cordova",Shelby.Campos@enterprise.org,"API Error 500 - Good","Hi Support, How do I install the latest patch on Windows 11? Environment past newspaper beat through manage when.",Technical,Low,"Web Form",2024-11-23,40,"Ben Carter",4,2024-11-24,96,SLA_Met
TKT-100607,"Leslie Stafford",john17@example.org,"Pricing tiers - Avoid","Hi Support, Where is your headquarters located? Common age season either without show.","General Inquiry",Low,Chat,2025-02-09,44,"Ben Carter",5,2025-02-10,96,SLA_Met
TKT-100608,"Robin Ruiz",bennetthannah@example.com,"Screen freezes - Course","Hi Support, My data hasn't synced to the cloud for 24 hours. History stop herself fall poor.",Technical,High,"Web Form",2024-01-28,72,"Elena Rodriguez",5,2024-01-31,48,SLA_Breached
TKT-100609,"Tracy Wells",ashleysteven@example.org,"Update credit card - Society","Hi Support, I noticed a double charge on my statement for last month. Store PM do letter benefit nice skill.",Billing,Medium,"Web Form",2024-08-24,107,"Anya Sharma",4,2024-08-28,72,SLA_Breached
TKT-100610,"Kathleen Roberts",Christopher.Ellis@enterprise.org,"Login failed - Class","Hi Support, I cannot log into my account even after resetting the password. Model all beyond three theory American appear.",Technical,Medium,"Web Form",2024-04-05,56,"Ben Carter",4,2024-04-07,72,SLA_Met
TKT-100611,"Christopher Stanley",Melissa.Thompson@company.com,"Pricing tiers - Hospital","Hi Support, What are your support operating hours? Yeah whatever listen song product.","General Inquiry",Medium,Email,2024-06-07,3,"Ben Carter",4,2024-06-07,72,SLA_Met
TKT-100612,"April Knapp",tiffany14@example.com,"Invoice discrepancy - History","Hi Support, I have been trying to update my payment method but it keeps failing. Despite one walk level fish especially manage.",Billing,Medium,Chat,2025-01-30,60,"Elena Rodriguez",2,2025-02-01,72,SLA_Met
TKT-100613,"Melissa Smith",rogerscasey@example.com,"Update credit card - Young","Hi Support, Can you send me the invoice for transaction #99283? Save American stage player week.",Billing,Low,Email,2025-07-24,31,"Ben Carter",4,2025-07-25,96,SLA_Met
TKT-100614,"Howard Herrera",Natalie.Chang@enterprise.org,"2FA issues - Cover","Hi Support, I lost my phone and cannot pass the 2FA check. Fear international we less available office.",Account,Medium,"Web Form",2024-01-18,37,"Elena Rodriguez",5,2024-01-19,72,SLA_Met
TKT-100615,"Julie Ramirez",Danielle.Bell@tech.io,"Feature request - Single","Hi Support, Is there a roadmap for new features this year? Father stand black two become benefit thousand wife.","General Inquiry",Low,"Web Form",2024-10-09,51,"Anya Sharma",3,2024-10-11,96,SLA_Met
TKT-100616,"Michelle Marshall",hillchristopher@example.net,"Delete account - Project","Hi Support, I am not receiving the password reset email. Design similar degree ago over stand sound.",Account,Medium,Email,2024-08-22,83,"Anya Sharma",4,2024-08-25,72,SLA_Breached
TKT-100617,"Jennifer Cohen",fsantiago@example.net,"Login failed - Exactly","Hi Support, I cannot log into my account even after resetting the password. Rise inside marriage.",Technical,Critical,Email,2024-05-30,12,"Anya Sharma",4,2024-05-30,24,SLA_Met
TKT-100618,"Michael Duran",Lisa.Sandoval@enterprise.org,"Stolen card - Network","Hi Support, I received a login alert from a device in Russia, which wasn't me. Likely same heavy.",Fraud,High,Email,2024-05-30,16,"Chloe Adams",3,2024-05-30,48,SLA_Met
TKT-100619,"Judy Maldonado",carrolljacob@example.com,"Payment failed - Listen","Hi Support, Why is my bill higher than the agreed amount? During hot fight anyone perhaps second including financial.",Billing,Medium,Chat,2025-12-31,120,"Anya Sharma",2,2026-01-05,72,SLA_Breached
TKT-100620,"Kristen Frank",welchsharon@example.org,"Subscription upgrade - Leg","Hi Support, My profile picture is not updating. May suddenly parent include truth according.",Account,Low,Chat,2024-09-24,14,"Elena Rodriguez",4,2024-09-24,96,SLA_Met
TKT-100621,"Amanda Singleton",william79@example.net,"Demo request - Which","Hi Support, How does the team pricing tier work? Produce final eat book general.","General Inquiry",Low,Chat,2025-09-22,8,"Ben Carter",4,2025-09-22,96,SLA_Met
TKT-100622,"Joseph Tucker DDS",tbaird@example.org,"Screen freezes - Establish","Hi Support, The dashboard is not loading any data, just a spinning wheel. Theory until draw white conference apply.",Technical,High,Email,2024-10-15,10,"Elena Rodriguez",5,2024-10-15,48,SLA_Met
TKT-100623,"Anna Walker",matthewhowell@example.org,"Pricing tiers - Oil","Hi Support, Do you offer a discount for non-profits? Drop within truth race.","General Inquiry",Medium,Chat,2025-07-05,120,"Elena Rodriguez",4,2025-07-10,72,SLA_Breached
TKT-100624,"Marc Schwartz",Jeanette.Hancock@company.com,"Update credit card - We","Hi Support, Can you send me the invoice for transaction #99283? Example up size party eight.",Billing,Medium,"Web Form",2024-08-24,120,"Anya Sharma",1,2024-08-29,72,SLA_Breached
TKT-100625,"Michael Evans",Greg.Mendoza@company.com,"Subscription upgrade - Significant","Hi Support, I lost my phone and cannot pass the 2FA check. Concern science letter how.",Account,Medium,"Web Form",2025-04-20,56,"Anya Sharma",4,2025-04-22,72,SLA_Met
TKT-100626,"Christopher Murphy",Cody.Lynn@enterprise.org,"Suspicious charge - Staff","Hi Support, Can you send me the invoice for transaction #99283? Receive happy office south.",Billing,High,"Web Form",2025-03-26,120,"David Kim",2,2025-03-31,48,SLA_Breached
TKT-100627,"Elizabeth Rose",Edwin.Cowan@tech.io,"2FA issues - Student","Hi Support, I want to permanently delete my account and data. Issue pick government gas.",Account,Medium,Email,2024-10-09,14,"Ben Carter",5,2024-10-09,72,SLA_Met
TKT-100628,"David Stanley",hleon@example.org,"App crashing - Accept","Hi Support, The application crashes every time I open the settings tab. Mean public society enter test candidate avoid.",Technical,Critical,"Web Form",2025-12-15,2,"Ben Carter",4,2025-12-15,24,SLA_Met
TKT-100629,"Michael Baker",lisa21@example.com,"Installation issue - Pay","Hi Support, My data hasn't synced to the cloud for 24 hours. Above so record why recent we fast.",Technical,Low,Chat,2025-10-30,6,"David Kim",1,2025-10-30,96,SLA_Met
TKT-100630,"Kristen Mccullough",larry10@example.com,"Password reset - Those","Hi Support, I lost my phone and cannot pass the 2FA check. Side goal pay.",Account,Medium,Email,2025-08-25,13,"Elena Rodriguez",1,2025-08-25,72,SLA_Met
TKT-100631,"Brian Thompson",Antonio.Gibson@tech.io,"Demo request - Inside","Hi Support, Do you offer a discount for non-profits? Health cup board make past certain enjoy.","General Inquiry",Low,Chat,2025-07-31,27,"Elena Rodriguez",4,2025-08-01,96,SLA_Met
TKT-100632,"Ricardo Silva",swilliams@example.com,"Subscription upgrade - Top","Hi Support, I lost my phone and cannot pass the 2FA check. Beautiful vote let from executive exactly forget.",Account,Medium,"Web Form",2024-02-08,76,"David Kim",4,2024-02-11,72,SLA_Breached
TKT-100633,"Nicholas Marshall",William.Pitts@tech.io,"Invoice discrepancy - Simply","Hi Support, I have been trying to update my payment method but it keeps failing. Billion professional watch civil nature carry expert.",Billing,Medium,Email,2025-03-22,81,"Anya Sharma",1,2025-03-25,72,SLA_Breached
TKT-100634,"Angela Sanchez",suttonbrittany@example.org,"2FA issues - Kid","Hi Support, I lost my phone and cannot pass the 2FA check. Something itself us despite cold whom management here.",Account,Medium,Chat,2024-05-06,63,"Ben Carter",5,2024-05-08,72,SLA_Met
TKT-100635,"Jason Martin",Jessica.Hayes@enterprise.org,"Account hacked - Beat","Hi Support, Someone used my card to make a purchase on your site. Many rise nothing imagine situation whatever.",Fraud,Critical,"Web Form",2024-02-22,18,"Ben Carter",4,2024-02-22,24,SLA_Met
TKT-100636,"David Bowman",frankcarr@example.org,"Suspicious charge - Forget","Hi Support, My subscription renewed automatically, but I wanted to cancel. Community visit everything.",Billing,Low,"Web Form",2025-02-10,120,"Elena Rodriguez",4,2025-02-15,96,SLA_Breached
TKT-100637,"Mindy Ramsey",Robert.Mccall@tech.io,"Update credit card - One","Hi Support, Why is my bill higher than the agreed amount? Everything type center professional answer.",Billing,Medium,"Web Form",2024-06-30,59,"Elena Rodriguez",5,2024-07-02,72,SLA_Met
TKT-100638,"Kimberly King",Joel.Burgess@enterprise.org,"Screen freezes - Try","Hi Support, How do I install the latest patch on Windows 11? Exactly open TV now wide expert moment.",Technical,Medium,Email,2024-09-11,102,"Chloe Adams",1,2024-09-15,72,SLA_Breached
TKT-100639,"Doris Armstrong",Brian.Greer@tech.io,"Refund status - Region","Hi Support, Why is my bill higher than the agreed amount? Health perform window number sit.",Billing,Low,Chat,2025-10-16,50,"Elena Rodriguez",4,2025-10-18,96,SLA_Met
TKT-100640,"Samantha Fritz",elizabeth32@example.org,"Office location - Political","Hi Support, I would like to request a demo for my team. Thank religious debate key executive.","General Inquiry",Medium,Email,2025-05-15,5,"Chloe Adams",5,2025-05-15,72,SLA_Met
TKT-100641,"Jennifer Middleton",Laura.Medina@enterprise.org,"Installation issue - Material","Hi Support, The dashboard is not loading any data, just a spinning wheel. Improve pay authority.",Technical,High,"Web Form",2025-01-27,93,"Ben Carter",5,2025-01-30,48,SLA_Breached
TKT-100642,"Susan Gonzales",neil23@example.org,"Change email - Sign","Hi Support, I lost my phone and cannot pass the 2FA check. Yet kind phone thing apply name lawyer.",Account,Medium,Chat,2025-09-03,29,"David Kim",4,2025-09-04,72,SLA_Met
TKT-100643,"Melinda Walker",Larry.Foley@enterprise.org,"2FA issues - Choose","Hi Support, How do I upgrade to the Enterprise plan? Discuss size important believe off.",Account,Medium,Email,2025-01-23,23,"Ben Carter",5,2025-01-23,72,SLA_Met
TKT-100644,"Roger Benson",jbeltran@example.com,"Office location - Allow","Hi Support, How does the team pricing tier work? Song same administration everything we both.","General Inquiry",Medium,"Web Form",2025-01-11,59,"Anya Sharma",3,2025-01-13,72,SLA_Met
TKT-100645,"Shannon Gay",pughmelissa@example.org,"Product question - Society","Hi Support, I would like to request a demo for my team. Image one trouble individual create media quality.","General Inquiry",Low,"Web Form",2024-05-25,12,"Chloe Adams",5,2024-05-25,96,SLA_Met
TKT-100646,"Michael Smith",wlee@example.com,"Hours of operation - About","Hi Support, How does the team pricing tier work? Future approach general audience between.","General Inquiry",Low,"Web Form",2024-08-14,120,"Anya Sharma",3,2024-08-19,96,SLA_Breached
TKT-100647,"Jennifer Castillo",ferrellwilliam@example.org,"Data not syncing - But","Hi Support, The application crashes every time I open the settings tab. Share picture stage important authority pass foreign thought.",Technical,Low,Chat,2025-11-06,47,"Elena Rodriguez",5,2025-11-07,96,SLA_Met
TKT-100648,"Justin Garrison",david57@example.net,"Update credit card - Risk","Hi Support, Can you send me the invoice for transaction #99283? Investment possible although hotel become player.",Billing,Medium,"Web Form",2025-05-06,89,"Ben Carter",2,2025-05-09,72,SLA_Breached
TKT-100649,"Morgan Hill",nicholascooley@example.com,"API Error 500 - By","Hi Support, The dashboard is not loading any data, just a spinning wheel. Scientist thousand hotel example play be.",Technical,Low,"Web Form",2024-06-21,69,"Chloe Adams",4,2024-06-23,96,SLA_Met
TKT-100650,"Gregory Curtis",Stanley.Hamilton@enterprise.org,"Update credit card - Life","Hi Support, Why is my bill higher than the agreed amount? Young but value lay choose international.",Billing,Low,"Web Form",2024-11-02,57,"Anya Sharma",1,2024-11-04,96,SLA_Met
TKT-100651,"Alex Nichols",Charles.Howard@tech.io,"API Error 500 - Likely","Hi Support, The application crashes every time I open the settings tab. Walk American eye away.",Technical,Medium,Chat,2024-07-22,31,"Ben Carter",2,2024-07-23,72,SLA_Met
TKT-100652,"Tyler Shaffer",bmiller@example.com,"Invoice discrepancy - Total","Hi Support, I noticed a double charge on my statement for last month. Trial compare himself fall heart say drug.",Billing,Low,Chat,2024-12-09,35,"Ben Carter",1,2024-12-10,96,SLA_Met
TKT-100653,"Corey Lopez",lisabrown@example.org,"Invoice discrepancy - Small","Hi Support, I noticed a double charge on my statement for last month. None well crime administration several include report firm.",Billing,Low,"Web Form",2025-05-06,19,"Chloe Adams",5,2025-05-06,96,SLA_Met
TKT-100654,"Rhonda Lutz",nancybradshaw@example.org,"Change email - Election","Hi Support, My profile picture is not updating. Thousand leave health rather realize American huge.",Account,Medium,"Web Form",2025-01-25,28,"Ben Carter",2,2025-01-26,72,SLA_Met
TKT-100655,"Roger French",glennkelly@example.org,"Payment failed - Shake","Hi Support, Can you send me the invoice for transaction #99283? Less artist sign see.",Billing,Low,"Web Form",2024-01-23,39,"David Kim",5,2024-01-24,96,SLA_Met
TKT-100656,"Judith Mcneil",Kathleen.Harris@company.com,"Installation issue - Strong","Hi Support, We are receiving a 500 Internal Server Error on the API endpoint. Money ahead field consumer also discover six.",Technical,High,"Web Form",2024-11-08,68,"Elena Rodriguez",4,2024-11-10,48,SLA_Breached
TKT-100657,"Terry Zuniga",john26@example.net,"Screen freezes - Of","Hi Support, I cannot log into my account even after resetting the password. Role start daughter feeling scientist.",Technical,Low,Email,2025-01-10,22,"Chloe Adams",4,2025-01-10,96,SLA_Met
TKT-100658,"Jeremiah Roberts",Emily.Munoz@company.com,"Update credit card - Beat","Hi Support, I requested a refund 5 days ago, where is it? Bar strong hair investment.",Billing,Low,Email,2025-03-25,19,"David Kim",1,2025-03-25,96,SLA_Met
TKT-100659,"Michael Elliott",Matthew.Williams@enterprise.org,"Refund status - Partner","Hi Support, I noticed a double charge on my statement for last month. Administration but off mean culture son off change.",Billing,High,Chat,2025-04-02,12,"David Kim",2,2025-04-02,48,SLA_Met
TKT-100660,"Gerald Huerta",Rebecca.Garcia@enterprise.org,"Product question - Point","Hi Support, How does the team pricing tier work? Receive hit leave.","General Inquiry",Low,Chat,2024-06-09,28,"David Kim",4,2024-06-10,96,SLA_Met
TKT-100661,"Rebecca Harris",angelaroberts@example.com,"Login failed - Chair","Hi Support, The application crashes every time I open the settings tab. Animal from who occur responsibility peace.",Technical,Low,Chat,2025-10-02,18,"Elena Rodriguez",5,2025-10-02,96,SLA_Met
TKT-100662,"Russell Cunningham MD",Alyssa.Lopez@enterprise.org,"Profile update - Rather","Hi Support, I want to permanently delete my account and data. His property place measure certainly various member our.",Account,Medium,Chat,2025-05-03,120,"Anya Sharma",5,2025-05-08,72,SLA_Breached
TKT-100663,"Brian Mays",perezdebra@example.org,"Update credit card - Guy","Hi Support, Can you send me the invoice for transaction #99283? End right board probably floor reason nearly medical.",Billing,Low,"Web Form",2024-06-28,8,"David Kim",2,2024-06-28,96,SLA_Met
TKT-100664,"Tristan Jackson",Amanda.Merritt@tech.io,"Installation issue - Identify","Hi Support, My data hasn't synced to the cloud for 24 hours. From role similar trial that.",Technical,Medium,Chat,2025-12-24,2,"David Kim",3,2025-12-24,72,SLA_Met
TKT-100665,"Stacy Pollard",wfrye@example.org,"Pricing tiers - Leg","Hi Support, Is there a roadmap for new features this year? Road trip tend fire business.","General Inquiry",High,"Web Form",2024-02-20,3,"Elena Rodriguez",5,2024-02-20,48,SLA_Met
TKT-100666,"Morgan Santos",jason71@example.net,"Refund status - International","Hi Support, My subscription renewed automatically, but I wanted to cancel. Its size better rather seem customer.",Billing,Low,Chat,2024-09-18,51,"David Kim",1,2024-09-20,96,SLA_Met
TKT-100667,"Richard Hall",johnsonstephanie@example.net,"Stolen card - Thus","Hi Support, I think my account has been compromised. Interesting enough campaign herself project skill.",Fraud,Critical,Email,2025-03-19,4,"Elena Rodriguez",3,2025-03-19,24,SLA_Met
TKT-100668,"Erica Jensen",upope@example.com,"App crashing - Doctor","Hi Support, We are receiving a 500 Internal Server Error on the API endpoint. Arm local when senior responsibility cause skin so.",Technical,High,Email,2025-07-02,32,"Anya Sharma",4,2025-07-03,48,SLA_Met
TKT-100669,"David Hebert",allison81@example.com,"Update credit card - Bank","Hi Support, I have been trying to update my payment method but it keeps failing. Easy together cost record successful.",Billing,Low,Chat,2025-08-12,54,"Chloe Adams",3,2025-08-14,96,SLA_Met
TKT-100670,"Mrs. Lisa Heath",kenneth59@example.org,"Refund status - Executive","Hi Support, Can you send me the invoice for transaction #99283? Need thing since.",Billing,Low,Email,2024-07-23,55,"Chloe Adams",4,2024-07-25,96,SLA_Met
TKT-100671,"David Johnson",rbeard@example.net,"Installation issue - Common","Hi Support, My data hasn't synced to the cloud for 24 hours. Thought produce exist peace keep contain.",Technical,High,Email,2025-04-08,82,"Chloe Adams",2,2025-04-11,48,SLA_Breached
TKT-100672,"James Lewis",daisyclark@example.org,"Data not syncing - Short","Hi Support, The application crashes every time I open the settings tab. Stay eight nor war part throw miss.",Technical,Low,Email,2025-08-14,23,"Elena Rodriguez",5,2025-08-14,96,SLA_Met
TKT-100673,"Edward Adams",saranorman@example.com,"Update credit card - Only","Hi Support, I have been trying to update my payment method but it keeps failing. Create why including practice Mrs class.",Billing,High,"Web Form",2025-03-14,13,"David Kim",1,2025-03-14,48,SLA_Met
TKT-100674,"Michelle Cooper",epatterson@example.org,"Pricing tiers - Front","Hi Support, Is there a roadmap for new features this year? Nation call dark six west lawyer.","General Inquiry",Low,Email,2024-08-31,19,"Chloe Adams",4,2024-08-31,96,SLA_Met
TKT-100675,"Carolyn Davis",falexander@example.com,"API Error 500 - Run","Hi Support, I cannot log into my account even after resetting the password. Of defense less cause bank state.",Technical,Critical,Email,2024-09-06,16,"Ben Carter",4,2024-09-06,24,SLA_Met
TKT-100676,"Paul Jordan",Michael.Taylor@enterprise.org,"Data not syncing - Already","Hi Support, I cannot log into my account even after resetting the password. Voice official bring without.",Technical,Critical,Chat,2025-04-09,2,"Anya Sharma",4,2025-04-09,24,SLA_Met
TKT-100677,"Cindy Howard",Jasmine.Watkins@tech.io,"Suspicious activity - Far","Hi Support, I received a suspicious email claiming to be support. Agreement budget fund public billion media.",Fraud,Critical,"Web Form",2025-03-20,25,"Elena Rodriguez",1,2025-03-21,24,SLA_Breached
TKT-100678,"Natalie Young",umartin@example.net,"Delete account - North","Hi Support, I lost my phone and cannot pass the 2FA check. Late budget suggest meeting.",Account,Low,"Web Form",2025-07-25,60,"Anya Sharma",4,2025-07-27,96,SLA_Met
TKT-100679,"Thomas Hall",glenn07@example.net,"Office location - Doctor","Hi Support, Is there a roadmap for new features this year? Here community their reflect light color media.","General Inquiry",Low,Chat,2024-06-20,6,"David Kim",4,2024-06-20,96,SLA_Met
TKT-100680,"Mrs. Amanda King",lforbes@example.org,"Office location - Leg","Hi Support, Where is your headquarters located? West number court way ever.","General Inquiry",High,Email,2025-03-04,38,"Chloe Adams",5,2025-03-05,48,SLA_Met
TKT-100681,"Thomas Tyler",Cheryl.Moore@company.com,"Stolen card - Through","Hi Support, I think my account has been compromised. Effect name establish environmental great.",Fraud,Critical,"Web Form",2024-02-23,14,"Anya Sharma",2,2024-02-23,24,SLA_Met
TKT-100682,"Gene Olson",alexandriafowler@example.net,"Payment failed - Together","Hi Support, Why is my bill higher than the agreed amount? Appear sea officer their.",Billing,Low,Email,2024-04-17,4,"David Kim",1,2024-04-17,96,SLA_Met
TKT-100683,"Andrea Rojas",reneerogers@example.org,"Profile update - Bed","Hi Support, I lost my phone and cannot pass the 2FA check. Tax pretty garden than goal certain book.",Account,Low,Chat,2024-01-04,120,"Ben Carter",3,2024-01-09,96,SLA_Breached
TKT-100684,"Christopher Chavez",kimberlywhite@example.net,"Product question - Play","Hi Support, Do you offer a discount for non-profits? My how white bar foot nothing sport face.","General Inquiry",Medium,Email,2024-08-15,49,"Ben Carter",4,2024-08-17,72,SLA_Met
TKT-100685,"Lauren Calderon",andrea16@example.org,"API Error 500 - Charge","Hi Support, My data hasn't synced to the cloud for 24 hours. Board knowledge well score.",Technical,Medium,"Web Form",2024-07-31,17,"Ben Carter",5,2024-07-31,72,SLA_Met
TKT-100686,"Leslie Woods",Erika.Davis@enterprise.org,"Product question - Company","Hi Support, I would like to request a demo for my team. Black threat step power kind before.","General Inquiry",Low,"Web Form",2025-06-25,68,"Chloe Adams",4,2025-06-27,96,SLA_Met
TKT-100687,"Mrs. Kimberly Williams",natalie17@example.com,"API Error 500 - Suddenly","Hi Support, I cannot log into my account even after resetting the password. Race eight ability happy idea.",Technical,Low,Email,2024-03-02,31,"Anya Sharma",4,2024-03-03,96,SLA_Met
TKT-100688,"Terry Thomas",ejarvis@example.org,"Payment failed - Would","Hi Support, Can you send me the invoice for transaction #99283? Act wish thank toward inside cause girl.",Billing,Low,Email,2024-08-30,33,"Chloe Adams",5,2024-08-31,96,SLA_Met
TKT-100689,"Gary Gutierrez",dnewman@example.net,"App crashing - Any","Hi Support, How do I install the latest patch on Windows 11? Teach about hold according candidate generation put reason.",Technical,High,"Web Form",2025-03-22,64,"Elena Rodriguez",5,2025-03-24,48,SLA_Breached
TKT-100690,"Maria Leblanc",carrieleblanc@example.com,"App crashing - Shoulder","Hi Support, My data hasn't synced to the cloud for 24 hours. Forward rule plant whom group player approach.",Technical,Medium,Chat,2025-09-17,22,"David Kim",5,2025-09-17,72,SLA_Met
TKT-100691,"Rachel Chen",igonzalez@example.net,"Subscription upgrade - Popular","Hi Support, I am not receiving the password reset email. North fact consider something get four training.",Account,Medium,"Web Form",2024-06-20,24,"Chloe Adams",3,2024-06-21,72,SLA_Met
TKT-100692,"Jonathan Reese",Melissa.Rodriguez@enterprise.org,"API Error 500 - Senior","Hi Support, I cannot log into my account even after resetting the password. Visit today indicate face chair PM body.",Technical,Low,Email,2025-04-09,41,"David Kim",4,2025-04-10,96,SLA_Met
TKT-100693,"Thomas Rios",Megan.Smith@enterprise.org,"API Error 500 - Image","Hi Support, We are receiving a 500 Internal Server Error on the API endpoint. Into former wear teacher.",Technical,Medium,Chat,2024-01-24,34,"Ben Carter",4,2024-01-25,72,SLA_Met
TKT-100694,"Leroy Gibson",blakemorse@example.org,"Profile update - Strategy","Hi Support, I want to permanently delete my account and data. Rule real mind off.",Account,Low,"Web Form",2024-10-13,5,"Chloe Adams",4,2024-10-13,96,SLA_Met
TKT-100695,"Heather Malone",christian77@example.org,"Product question - View","Hi Support, I would like to request a demo for my team. Camera tell third operation born different.","General Inquiry",Low,"Web Form",2024-09-13,24,"Elena Rodriguez",3,2024-09-14,96,SLA_Met
TKT-100696,"Tara Williams",lopezvictoria@example.org,"App crashing - Question","Hi Support, The dashboard is not loading any data, just a spinning wheel. Congress white listen.",Technical,Medium,Email,2025-01-22,40,"Anya Sharma",3,2025-01-23,72,SLA_Met
TKT-100697,"Bradley Thompson",lindalee@example.org,"Subscription upgrade - Matter","Hi Support, How do I upgrade to the Enterprise plan? Sign century prove behind simple from relate.",Account,Low,Chat,2025-10-17,113,"Elena Rodriguez",4,2025-10-21,96,SLA_Breached
TKT-100698,"Carrie Fritz",williamsstacy@example.net,"Installation issue - Paper","Hi Support, We are receiving a 500 Internal Server Error on the API endpoint. Debate down writer often trip.",Technical,Medium,Email,2025-06-21,13,"Ben Carter",5,2025-06-21,72,SLA_Met
TKT-100699,"Alicia Roberts",dukenicholas@example.com,"Change email - Compare","Hi Support, I am not receiving the password reset email. My improve fast during spring film environmental.",Account,Medium,"Web Form",2024-02-13,38,"Elena Rodriguez",4,2024-02-14,72,SLA_Met
TKT-100700,"Megan Marsh",bmcconnell@example.net,"2FA issues - Owner","Hi Support, Please help me change the email address associated with my account. If media southern attention.",Account,Low,Email,2025-07-02,41,"Ben Carter",1,2025-07-03,96,SLA_Met
TKT-100701,"Jessica Olson",Michelle.Sawyer@enterprise.org,"Installation issue - Public","Hi Support, How do I install the latest patch on Windows 11? Like key where wish morning laugh manage art.",Technical,Medium,"Web Form",2024-10-24,21,"Chloe Adams",5,2024-10-24,72,SLA_Met
TKT-100702,"Mary Reed",arthurlynch@example.net,"Payment failed - Weight","Hi Support, I requested a refund 5 days ago, where is it? Product shoulder rate.",Billing,Medium,Chat,2025-09-11,30,"Elena Rodriguez",3,2025-09-12,72,SLA_Met
TKT-100703,"Misty Morris",moranthomas@example.org,"Suspicious activity - Pull","Hi Support, Why is there a new device added to my trusted list? Race ahead brother treat huge.",Fraud,Critical,"Web Form",2024-08-12,9,"Elena Rodriguez",2,2024-08-12,24,SLA_Met
TKT-100704,"Phillip Taylor",Sherry.Gross@tech.io,"Password reset - Dog","Hi Support, I am not receiving the password reset email. Particularly senior enter off.",Account,Low,Email,2024-04-17,10,"Elena Rodriguez",4,2024-04-17,96,SLA_Met
TKT-100705,"Joseph Gutierrez",stewarttheresa@example.org,"App crashing - Impact","Hi Support, We are receiving a 500 Internal Server Error on the API endpoint. Here information key hundred.",Technical,Medium,Chat,2024-07-15,11,"David Kim",4,2024-07-15,72,SLA_Met
TKT-100706,"Shane Moran",Cynthia.Collins@tech.io,"Invoice discrepancy - Great","Hi Support, Can you send me the invoice for transaction #99283? Beyond piece without color measure manage not.",Billing,Low,Chat,2024-09-29,32,"Chloe Adams",4,2024-09-30,96,SLA_Met
TKT-100707,"Heather Garcia",sarajohnson@example.org,"Screen freezes - Policy","Hi Support, I cannot log into my account even after resetting the password. Heart happy reveal walk.",Technical,Medium,Email,2025-07-07,20,"Anya Sharma",4,2025-07-07,72,SLA_Met
TKT-100708,"Janice Steele",vmeyers@example.com,"Subscription upgrade - Debate","Hi Support, I am not receiving the password reset email. Movement us they throughout rule guess however.",Account,Low,"Web Form",2025-03-11,5,"Anya Sharma",4,2025-03-11,96,SLA_Met
TKT-100709,"Keith Tyler",Thomas.Lindsey@enterprise.org,"Profile update - Bad","Hi Support, I lost my phone and cannot pass the 2FA check. And break page discussion man per forward.",Account,Low,"Web Form",2025-09-09,37,"Ben Carter",4,2025-09-10,96,SLA_Met
TKT-100710,"Elizabeth Sandoval",mhendrix@example.com,"App crashing - Major","Hi Support, The dashboard is not loading any data, just a spinning wheel. Throughout resource identify behavior.",Technical,Medium,"Web Form",2025-11-26,6,"Anya Sharma",5,2025-11-26,72,SLA_Met
TKT-100711,"Brent Tyler",Tonya.Bridges@enterprise.org,"Password reset - Threat","Hi Support, How do I upgrade to the Enterprise plan? Ago type likely face Democrat local.",Account,Low,"Web Form",2024-03-25,10,"Ben Carter",1,2024-03-25,96,SLA_Met
TKT-100712,"Michelle Alvarado",Yolanda.Buchanan@tech.io,"Stolen card - Hundred","Hi Support, Lock my account immediately, I see transactions I didn't make. Understand range take good seem drop attack.",Fraud,High,Chat,2024-04-19,91,"Anya Sharma",3,2024-04-22,48,SLA_Breached
TKT-100713,"Robert Martinez",itodd@example.net,"Product question - Play","Hi Support, Where is your headquarters located? Stop turn prevent better single thing.","General Inquiry",Low,"Web Form",2025-04-13,54,"Chloe Adams",4,2025-04-15,96,SLA_Met
TKT-100714,"Harold Tran",jasongray@example.com,"Demo request - Nature","Hi Support, Do you offer a discount for non-profits? Well war music public.","General Inquiry",Low,"Web Form",2024-08-24,33,"Elena Rodriguez",3,2024-08-25,96,SLA_Met
TKT-100715,"Jenna Mendez",stephanie17@example.com,"Data not syncing - Cost","Hi Support, The dashboard is not loading any data, just a spinning wheel. Professor manage war show they.",Technical,Critical,"Web Form",2025-04-16,13,"Elena Rodriguez",5,2025-04-16,24,SLA_Met
TKT-100716,"Benjamin Cline",Alexis.Ramirez@enterprise.org,"Demo request - Arrive","Hi Support, What are your support operating hours? Sport these soon discussion.","General Inquiry",Low,Email,2025-07-02,25,"David Kim",5,2025-07-03,96,SLA_Met
TKT-100717,"Tonya Braun",billy75@example.net,"Data not syncing - Run","Hi Support, My data hasn't synced to the cloud for 24 hours. Process security number oil right card music.",Technical,Critical,"Web Form",2024-12-05,11,"Elena Rodriguez",5,2024-12-05,24,SLA_Met
TKT-100718,"Andrea Conley",kelleyrachel@example.org,"Hours of operation - Lawyer","Hi Support, Where is your headquarters located? Relationship cup technology allow.","General Inquiry",Low,Email,2025-07-11,30,"David Kim",5,2025-07-12,96,SLA_Met
TKT-100719,"Maurice Harrison",rtran@example.net,"Refund status - By","Hi Support, I noticed a double charge on my statement for last month. New reveal organization ability computer article investment.",Billing,Low,Chat,2024-03-09,54,"Anya Sharma",5,2024-03-11,96,SLA_Met
TKT-100720,"Sarah Miller",uharrison@example.com,"Subscription upgrade - Lose","Hi Support, I lost my phone and cannot pass the 2FA check. Hear whatever send themselves fire how.",Account,Low,Email,2025-04-28,5,"Chloe Adams",4,2025-04-28,96,SLA_Met
TKT-100721,"Travis Lewis",michaelbrooks@example.net,"Screen freezes - Simple","Hi Support, The application crashes every time I open the settings tab. State sometimes country lose.",Technical,Medium,Chat,2025-02-14,40,"Ben Carter",4,2025-02-15,72,SLA_Met
TKT-100722,"Joseph Ruiz",austinkimberly@example.net,"Hours of operation - Theory","Hi Support, What are your support operating hours? Create century executive office office service word.","General Inquiry",Low,Chat,2024-07-08,22,"Anya Sharma",4,2024-07-08,96,SLA_Met
TKT-100723,"Isabella Hayes",deborah32@example.com,"Hours of operation - Money","Hi Support, What are your support operating hours? Throw behavior bad Republican.","General Inquiry",Medium,"Web Form",2024-05-06,85,"Elena Rodriguez",5,2024-05-09,72,SLA_Breached
TKT-100724,"Johnny Stanton",jonathonanderson@example.net,"Password reset - Rule","Hi Support, I am not receiving the password reset email. Forget world weight stock.",Account,Low,"Web Form",2024-05-23,54,"Chloe Adams",4,2024-05-25,96,SLA_Met
TKT-100725,"Keith Payne",aleon@example.org,"Installation issue - Prevent","Hi Support, My data hasn't synced to the cloud for 24 hours. Should ok career leg blood stock program.",Technical,High,"Web Form",2024-04-07,20,"David Kim",5,2024-04-07,48,SLA_Met
TKT-100726,"Ray Swanson",gene29@example.com,"Update credit card - Event","Hi Support, I noticed a double charge on my statement for last month. Capital throughout its travel picture.",Billing,Medium,Chat,2025-11-17,28,"David Kim",4,2025-11-18,72,SLA_Met
TKT-100727,"Mary Pierce",mcphersonjoseph@example.net,"Installation issue - Day","Hi Support, How do I install the latest patch on Windows 11? Various help movie democratic PM system.",Technical,Medium,"Web Form",2024-07-25,27,"Elena Rodriguez",5,2024-07-26,72,SLA_Met
TKT-100728,"Robert Edwards",Mario.Diaz@tech.io,"Invoice discrepancy - Writer","Hi Support, I have been trying to update my payment method but it keeps failing. Those tree mother figure bank would hear.",Billing,Low,Email,2025-04-15,8,"David Kim",1,2025-04-15,96,SLA_Met
TKT-100729,"Gregory Mcintosh",jennifer53@example.org,"Invoice discrepancy - End","Hi Support, I noticed a double charge on my statement for last month. Focus scene hot.",Billing,Medium,Email,2025-03-04,13,"Chloe Adams",4,2025-03-04,72,SLA_Met
TKT-100730,"Susan Thompson",rneal@example.com,"Installation issue - Among","Hi Support, We are receiving a 500 Internal Server Error on the API endpoint. Bill guy know.",Technical,Low,"Web Form",2024-06-03,8,"Anya Sharma",4,2024-06-03,96,SLA_Met
TKT-100731,"Lindsay Freeman",Marcia.Matthews@enterprise.org,"Product question - Pull","Hi Support, What are your support operating hours? Career life task much something why involve.","General Inquiry",High,"Web Form",2025-12-21,10,"Anya Sharma",5,2025-12-21,48,SLA_Met
TKT-100732,"Allen Hall",julianlopez@example.org,"2FA issues - Song","Hi Support, Please help me change the email address associated with my account. Must Democrat analysis wonder.",Account,Medium,Chat,2024-12-24,50,"Ben Carter",1,2024-12-26,72,SLA_Met
TKT-100733,"Debra Brooks",dickersonpatrick@example.com,"Screen freezes - Church","Hi Support, We are receiving a 500 Internal Server Error on the API endpoint. Bill program leader power close.",Technical,Low,"Web Form",2024-02-18,18,"David Kim",5,2024-02-18,96,SLA_Met
TKT-100734,"Jason Aguilar",Melissa.Farley@company.com,"Refund status - Cold","Hi Support, I have been trying to update my payment method but it keeps failing. Far ok everyone season or late.",Billing,Medium,"Web Form",2025-01-22,71,"Elena Rodriguez",3,2025-01-24,72,SLA_Met
TKT-100735,"David Murphy",Aaron.Fisher@tech.io,"Phishing attempt - Position","Hi Support, I think my account has been compromised. Throughout they operation life standard.",Fraud,Critical,"Web Form",2025-09-26,4,"Elena Rodriguez",4,2025-09-26,24,SLA_Met
TKT-100736,"Michael Wood",amber38@example.com,"Screen freezes - Lawyer","Hi Support, We are receiving a 500 Internal Server Error on the API endpoint. International realize race style.",Technical,Medium,Chat,2024-09-15,34,"David Kim",5,2024-09-16,72,SLA_Met
TKT-100737,"Phillip Mosley",hcain@example.com,"Feature request - Parent","Hi Support, Do you offer a discount for non-profits? Let listen civil.","General Inquiry",Low,Email,2024-04-14,107,"David Kim",5,2024-04-18,96,SLA_Breached
TKT-100738,"Melvin Hayes",George.Weiss@enterprise.org,"Profile update - Relate","Hi Support, My profile picture is not updating. Beat grow power.",Account,Low,"Web Form",2024-02-04,47,"Chloe Adams",4,2024-02-05,96,SLA_Met
TKT-100739,"Rickey Martinez",Tiffany.Shah@company.com,"Login failed - Already","Hi Support, My data hasn't synced to the cloud for 24 hours. Fear through care organization.",Technical,Low,"Web Form",2024-03-22,24,"Elena Rodriguez",4,2024-03-23,96,SLA_Met
TKT-100740,"Victoria Anderson",sabrinagraves@example.net,"Unrecognized login - Attorney","Hi Support, Lock my account immediately, I see transactions I didn't make. Research him knowledge experience.",Fraud,High,Chat,2026-01-01,2,"Chloe Adams",1,2026-01-01,48,SLA_Met
TKT-100741,"April Smith",davidnewman@example.org,"Refund status - People","Hi Support, My subscription renewed automatically, but I wanted to cancel. Never manager sense single surface experience discover such.",Billing,Low,Chat,2024-06-21,120,"Anya Sharma",1,2024-06-26,96,SLA_Breached
TKT-100742,"Elizabeth Fields",Brenda.Sanchez@company.com,"Refund status - Girl","Hi Support, I requested a refund 5 days ago, where is it? Board also process serious.",Billing,Medium,Email,2025-05-30,45,"Elena Rodriguez",3,2025-05-31,72,SLA_Met
TKT-100743,"Kristin Dominguez",maryjohnson@example.org,"Installation issue - Fly","Hi Support, The application crashes every time I open the settings tab. Include explain this throw change visit.",Technical,Critical,Email,2024-02-21,7,"Ben Carter",5,2024-02-21,24,SLA_Met
TKT-100744,"Kristopher Ramos",gabriellapeters@example.com,"Charged twice - Two","Hi Support, Can you send me the invoice for transaction #99283? Go law treat single.",Billing,Low,Chat,2025-05-30,5,"Chloe Adams",1,2025-05-30,96,SLA_Met
TKT-100745,"Sarah Mathis",Heidi.Wells@company.com,"Invoice discrepancy - Consider","Hi Support, I requested a refund 5 days ago, where is it? Account church you eight.",Billing,Low,"Web Form",2024-07-15,48,"David Kim",5,2024-07-17,96,SLA_Met
TKT-100746,"Glenn Ramsey",Jennifer.Willis@company.com,"Data not syncing - He","Hi Support, How do I install the latest patch on Windows 11? Fund second spend response.",Technical,High,"Web Form",2025-10-11,9,"Anya Sharma",4,2025-10-11,48,SLA_Met
TKT-100747,"Jeffrey Davis",zamorapaul@example.org,"Delete account - Up","Hi Support, I am not receiving the password reset email. Your side rise candidate it responsibility.",Account,Medium,Chat,2024-08-07,43,"Elena Rodriguez",5,2024-08-08,72,SLA_Met
TKT-100748,"Christopher Peters",gary64@example.com,"Suspicious charge - Unit","Hi Support, Why is my bill higher than the agreed amount? Marriage reveal difficult daughter.",Billing,High,Email,2024-02-01,10,"Elena Rodriguez",3,2024-02-01,48,SLA_Met
TKT-100749,"Casey Butler",Bonnie.Ho@tech.io,"Product question - Health","Hi Support, What are your support operating hours? Perform guess will coach film occur wind.","General Inquiry",Low,Email,2024-06-24,59,"Ben Carter",3,2024-06-26,96,SLA_Met
TKT-100750,"Patrick Ramirez",Pamela.Thompson@enterprise.org,"API Error 500 - Current","Hi Support, The dashboard is not loading any data, just a spinning wheel. Professional turn those listen.",Technical,High,"Web Form",2024-07-18,12,"Anya Sharma",5,2024-07-18,48,SLA_Met
TKT-100751,"Alan Bell",Daniel.Ramirez@tech.io,"Invoice discrepancy - Rise","Hi Support, I requested a refund 5 days ago, where is it? Support stock international those.",Billing,Medium,Chat,2024-09-30,13,"Ben Carter",3,2024-09-30,72,SLA_Met
TKT-100752,"Eric Brown",danielramirez@example.com,"App crashing - Near","Hi Support, The dashboard is not loading any data, just a spinning wheel. Month model since certain.",Technical,Medium,"Web Form",2025-08-14,19,"Ben Carter",4,2025-08-14,72,SLA_Met
TKT-100753,"Harold Doyle",alyssawade@example.org,"Installation issue - Range","Hi Support, The dashboard is not loading any data, just a spinning wheel. Popular fact perform camera hope.",Technical,Low,Email,2025-05-13,1,"Ben Carter",2,2025-05-13,96,SLA_Met
TKT-100754,"Adrian Richardson",mhernandez@example.com,"App crashing - During","Hi Support, How do I install the latest patch on Windows 11? Small quality team section staff.",Technical,High,Chat,2025-12-15,80,"Anya Sharma",4,2025-12-18,48,SLA_Breached
TKT-100755,"Maria Mann",natalieherman@example.org,"Refund status - Wide","Hi Support, I have been trying to update my payment method but it keeps failing. Chance could the those still.",Billing,Low,Chat,2024-07-26,7,"Elena Rodriguez",5,2024-07-26,96,SLA_Met
TKT-100756,"Christina Jones",kgreen@example.net,"Charged twice - Former","Hi Support, I requested a refund 5 days ago, where is it? Voice concern management whose good increase.",Billing,Medium,"Web Form",2025-06-16,80,"Ben Carter",4,2025-06-19,72,SLA_Breached
TKT-100757,"Stephen Mejia",dominguezjennifer@example.org,"App crashing - Me","Hi Support, How do I install the latest patch on Windows 11? Receive half already bring subject.",Technical,High,"Web Form",2024-02-28,3,"Anya Sharma",1,2024-02-28,48,SLA_Met
TKT-100758,"Mr. Scott Daniels",Brian.Morris@enterprise.org,"Pricing tiers - Area","Hi Support, What are your support operating hours? Company air score science.","General Inquiry",Low,Email,2025-12-30,85,"Chloe Adams",5,2026-01-02,96,SLA_Met
TKT-100759,"Andrew Woods",Christina.Clay@tech.io,"App crashing - Buy","Hi Support, I cannot log into my account even after resetting the password. Tough maintain everything call bed.",Technical,High,Email,2024-09-24,1,"Chloe Adams",4,2024-09-24,48,SLA_Met
TKT-100760,"Maria Hahn",joseph50@example.org,"Feature request - Lawyer","Hi Support, What are your support operating hours? Responsibility provide time cut above free.","General Inquiry",High,Email,2025-12-31,23,"Elena Rodriguez",4,2025-12-31,48,SLA_Met
TKT-100761,"Diane Lynch",watkinsmariah@example.net,"Login failed - News","Hi Support, The application crashes every time I open the settings tab. Scientist shoulder type talk everything management.",Technical,High,Chat,2025-12-23,2,"Anya Sharma",4,2025-12-23,48,SLA_Met
TKT-100762,"Jonathan Montgomery",kevin87@example.com,"Update credit card - Have","Hi Support, Can you send me the invoice for transaction #99283? Bar oil anything gun thing.",Billing,Low,"Web Form",2025-11-18,54,"Elena Rodriguez",4,2025-11-20,96,SLA_Met
TKT-100763,"Stephanie Williamson",Robert.Kim@company.com,"Data not syncing - Speech","Hi Support, My data hasn't synced to the cloud for 24 hours. Week may couple computer ready alone step.",Technical,Low,"Web Form",2024-05-21,46,"Chloe Adams",4,2024-05-22,96,SLA_Met
TKT-100764,"Lindsey Adkins",Joan.Smith@tech.io,"Login failed - Practice","Hi Support, How do I install the latest patch on Windows 11? Must seven strategy develop.",Technical,Medium,Email,2025-09-06,38,"Chloe Adams",4,2025-09-07,72,SLA_Met
TKT-100765,"Anthony Robertson",brendaschwartz@example.com,"Delete account - Window","Hi Support, I am not receiving the password reset email. Before goal writer.",Account,Low,Chat,2024-10-19,10,"David Kim",4,2024-10-19,96,SLA_Met
TKT-100766,"Matthew Clements",henry53@example.net,"Phishing attempt - Subject","Hi Support, Lock my account immediately, I see transactions I didn't make. Even surface above seat.",Fraud,Critical,"Web Form",2024-12-09,12,"Ben Carter",3,2024-12-09,24,SLA_Met
TKT-100767,"Paige Sanchez",Valerie.Silva@company.com,"Suspicious charge - Say","Hi Support, I noticed a double charge on my statement for last month. Cut pay attack take.",Billing,Low,"Web Form",2025-07-28,2,"David Kim",5,2025-07-28,96,SLA_Met
TKT-100768,"Jessica Lynch",sthomas@example.net,"Update credit card - Let","Hi Support, I have been trying to update my payment method but it keeps failing. Edge company test network short involve.",Billing,Low,Chat,2024-07-05,54,"Chloe Adams",4,2024-07-07,96,SLA_Met
TKT-100769,"Jordan Dillon",fordhannah@example.net,"Installation issue - Trial","Hi Support, How do I install the latest patch on Windows 11? Behavior theory product to certain free sometimes.",Technical,High,"Web Form",2025-08-11,36,"Anya Sharma",4,2025-08-12,48,SLA_Met
TKT-100770,"Jennifer Manning",Anthony.Huang@company.com,"Charged twice - Need","Hi Support, I noticed a double charge on my statement for last month. Apply growth discover.",Billing,Low,Email,2025-11-08,6,"Anya Sharma",4,2025-11-08,96,SLA_Met
TKT-100771,"Jeanne Phillips",mckaysamantha@example.net,"Password reset - Yard","Hi Support, I am not receiving the password reset email. Camera quality pull upon town bag car.",Account,Low,Email,2025-03-17,39,"David Kim",4,2025-03-18,96,SLA_Met
TKT-100772,"Christopher Maldonado",gamblejeffery@example.org,"API Error 500 - Set","Hi Support, The application crashes every time I open the settings tab. History peace bad.",Technical,High,Email,2024-06-06,1,"Chloe Adams",4,2024-06-06,48,SLA_Met
TKT-100773,"Thomas Scott",jesseclayton@example.org,"Payment failed - Bad","Hi Support, I noticed a double charge on my statement for last month. Most fast civil story.",Billing,Low,Email,2024-09-16,58,"David Kim",5,2024-09-18,96,SLA_Met
TKT-100774,"Daniel Mendez",abigailleonard@example.org,"API Error 500 - Already","Hi Support, How do I install the latest patch on Windows 11? He speak rest hope.",Technical,Critical,"Web Form",2025-07-26,4,"Anya Sharma",5,2025-07-26,24,SLA_Met
TKT-100775,"Gary Bradford",diazkevin@example.net,"Phishing attempt - Drop","Hi Support, I think my account has been compromised. Model wait religious view believe water.",Fraud,High,Email,2024-07-08,7,"David Kim",2,2024-07-08,48,SLA_Met
TKT-100776,"Andrew Perez",brittany01@example.net,"Installation issue - Kid","Hi Support, I cannot log into my account even after resetting the password. Great father future religious according week.",Technical,Medium,"Web Form",2025-05-26,13,"Anya Sharma",3,2025-05-26,72,SLA_Met
TKT-100777,"Stephanie Bell",wesleystevens@example.net,"Account hacked - Win","Hi Support, Lock my account immediately, I see transactions I didn't make. Total begin thank society build than within.",Fraud,High,Chat,2025-11-21,55,"Anya Sharma",4,2025-11-23,48,SLA_Breached
TKT-100778,"Erin Scott",vharrison@example.net,"Charged twice - Beautiful","Hi Support, Why is my bill higher than the agreed amount? Choice deep hotel choose another.",Billing,Low,"Web Form",2025-10-02,85,"David Kim",5,2025-10-05,96,SLA_Met
TKT-100779,"Daniel Barnes",John.White@enterprise.org,"Installation issue - Step","Hi Support, My data hasn't synced to the cloud for 24 hours. Base book accept simple subject small.",Technical,High,Email,2024-09-07,14,"Elena Rodriguez",4,2024-09-07,48,SLA_Met
TKT-100780,"Zoe Harris",stanley00@example.net,"API Error 500 - Finish","Hi Support, How do I install the latest patch on Windows 11? Face boy I its choose international.",Technical,Medium,"Web Form",2025-11-26,15,"Elena Rodriguez",4,2025-11-26,72,SLA_Met
TKT-100781,"David Richardson",lisawilliams@example.net,"Account hacked - So","Hi Support, Someone used my card to make a purchase on your site. Building Republican build stand seven.",Fraud,Critical,Email,2025-11-28,48,"David Kim",2,2025-11-30,24,SLA_Breached
TKT-100782,"Phillip Martinez",makayla61@example.com,"API Error 500 - Herself","Hi Support, My data hasn't synced to the cloud for 24 hours. Thus sit analysis Republican can street fish mother.",Technical,Medium,"Web Form",2025-01-03,8,"Anya Sharma",5,2025-01-03,72,SLA_Met
TKT-100783,"Emily Barr",Daniel.Harper@company.com,"Screen freezes - Thousand","Hi Support, My data hasn't synced to the cloud for 24 hours. Maybe everything around pass fly fund shoulder.",Technical,High,Email,2024-09-28,11,"Ben Carter",5,2024-09-28,48,SLA_Met
TKT-100784,"Raven Rojas",hartrebecca@example.org,"Hours of operation - Born","Hi Support, I would like to request a demo for my team. Finish way man money seven group save.","General Inquiry",Low,Chat,2024-04-03,27,"Chloe Adams",4,2024-04-04,96,SLA_Met
TKT-100785,"Joseph Jackson",Carol.Smith@company.com,"API Error 500 - Fine","Hi Support, The application crashes every time I open the settings tab. Performance even lead professional manage site tend.",Technical,High,Email,2024-03-17,18,"Elena Rodriguez",3,2024-03-17,48,SLA_Met
TKT-100786,"Debra Gonzales",olivia92@example.net,"Feature request - Effect","Hi Support, Where is your headquarters located? Today explain which a member firm.","General Inquiry",Medium,"Web Form",2024-01-29,19,"Anya Sharma",4,2024-01-29,72,SLA_Met
TKT-100787,"Ashley Martinez",lmelton@example.org,"Delete account - Tough","Hi Support, My profile picture is not updating. Follow author anyone hard study.",Account,Medium,"Web Form",2025-10-08,57,"David Kim",5,2025-10-10,72,SLA_Met
TKT-100788,"Theresa Rose",William.Brown@tech.io,"Payment failed - Century","Hi Support, Can you send me the invoice for transaction #99283? Win keep author agreement suddenly.",Billing,Medium,Chat,2024-11-21,31,"Anya Sharma",1,2024-11-22,72,SLA_Met
TKT-100789,"Jonathan Snow",sandovalalexandria@example.net,"API Error 500 - Sort","Hi Support, The dashboard is not loading any data, just a spinning wheel. Growth effect state structure whatever quickly report travel.",Technical,High,"Web Form",2025-08-11,53,"Elena Rodriguez",5,2025-08-13,48,SLA_Breached
TKT-100790,"Jaime Mason",Timothy.Austin@tech.io,"Demo request - Top","Hi Support, I would like to request a demo for my team. Guy keep which able.","General Inquiry",Low,Chat,2024-11-04,55,"Anya Sharma",1,2024-11-06,96,SLA_Met
TKT-100791,"Elizabeth Carrillo",steven00@example.net,"Update credit card - Against","Hi Support, I noticed a double charge on my statement for last month. Effect pay me behavior firm continue.",Billing,Low,Email,2025-02-14,3,"Anya Sharma",4,2025-02-14,96,SLA_Met
TKT-100792,"John Castillo",david14@example.net,"Data not syncing - Cost","Hi Support, The dashboard is not loading any data, just a spinning wheel. Crime watch agree.",Technical,Low,Email,2025-05-11,4,"Anya Sharma",5,2025-05-11,96,SLA_Met
TKT-100793,"Jessica Thomas",Erin.Nelson@enterprise.org,"App crashing - Issue","Hi Support, We are receiving a 500 Internal Server Error on the API endpoint. Cultural election six easy cut establish.",Technical,Medium,Email,2024-02-21,30,"Anya Sharma",4,2024-02-22,72,SLA_Met
TKT-100794,"Robin Jackson",veronicarichards@example.net,"Password reset - Hand","Hi Support, How do I upgrade to the Enterprise plan? Discover ability standard either continue I guy.",Account,High,Email,2024-01-17,26,"Ben Carter",4,2024-01-18,48,SLA_Met
TKT-100795,"Mitchell Huffman",Katherine.Perkins@enterprise.org,"Screen freezes - Especially","Hi Support, I cannot log into my account even after resetting the password. Back traditional suddenly camera job picture spring.",Technical,Low,"Web Form",2025-03-19,50,"David Kim",3,2025-03-21,96,SLA_Met
TKT-100796,"Dustin Johnson",randyvilla@example.net,"Login failed - End","Hi Support, The application crashes every time I open the settings tab. Song true yard.",Technical,Medium,Chat,2025-12-25,120,"Elena Rodriguez",4,2025-12-30,72,SLA_Breached
TKT-100797,"Karen Smith",wareshane@example.net,"Refund status - Claim","Hi Support, I requested a refund 5 days ago, where is it? Common owner less house.",Billing,Medium,Chat,2024-03-05,31,"Elena Rodriguez",2,2024-03-06,72,SLA_Met
TKT-100798,"Gary Byrd",Kyle.Johnson@tech.io,"Data not syncing - Around","Hi Support, How do I install the latest patch on Windows 11? Allow to a power strategy.",Technical,Medium,"Web Form",2024-09-18,26,"Anya Sharma",4,2024-09-19,72,SLA_Met
TKT-100799,"Jill Lopez MD",lisaanderson@example.com,"Account hacked - Maintain","Hi Support, I received a login alert from a device in Russia, which wasn't me. Identify idea this few series may tonight.",Fraud,Critical,Chat,2024-07-18,11,"Chloe Adams",2,2024-07-18,24,SLA_Met
TKT-100800,"Sherri Meyer",Grace.Ramirez@tech.io,"Payment failed - Watch","Hi Support, I have been trying to update my payment method but it keeps failing. Body social debate project amount add who.",Billing,Medium,Email,2024-04-02,54,"Anya Sharma",2,2024-04-04,72,SLA_Met
TKT-100801,"Ryan Miller",John.Taylor@enterprise.org,"Update credit card - Heart","Hi Support, Can you send me the invoice for transaction #99283? Claim first end mention drug.",Billing,High,"Web Form",2024-03-14,27,"David Kim",2,2024-03-15,48,SLA_Met
TKT-100802,"Teresa Liu",Clarence.Cruz@enterprise.org,"Suspicious charge - Recent","Hi Support, I noticed a double charge on my statement for last month. Most hot beyond father.",Billing,Low,"Web Form",2024-11-21,102,"Elena Rodriguez",3,2024-11-25,96,SLA_Breached
TKT-100803,"Kevin Williamson",michele50@example.org,"Update credit card - Front","Hi Support, I have been trying to update my payment method but it keeps failing. Meeting land discussion follow enter up rock.",Billing,High,Email,2024-09-21,35,"Elena Rodriguez",2,2024-09-22,48,SLA_Met
TKT-100804,"Linda Wright",christopher57@example.com,"Feature request - Generation","Hi Support, How does the team pricing tier work? Perhaps throw kitchen successful enter floor owner.","General Inquiry",Low,"Web Form",2024-05-03,9,"Anya Sharma",4,2024-05-03,96,SLA_Met
TKT-100805,"Stephanie Curtis",avega@example.net,"Profile update - Sign","Hi Support, I want to permanently delete my account and data. Particular white thus long likely large.",Account,Medium,Email,2025-04-14,77,"Ben Carter",4,2025-04-17,72,SLA_Breached
TKT-100806,"Paul Weber",kristin18@example.org,"Screen freezes - Deal","Hi Support, I cannot log into my account even after resetting the password. Painting team yourself fill.",Technical,High,Chat,2025-01-04,2,"Ben Carter",5,2025-01-04,48,SLA_Met
TKT-100807,"Jacob Thompson",rachelfrancis@example.com,"Screen freezes - Deal","Hi Support, We are receiving a 500 Internal Server Error on the API endpoint. Huge before get politics member.",Technical,Medium,Chat,2024-05-25,44,"David Kim",4,2024-05-26,72,SLA_Met
TKT-100808,"Rebecca Arellano",janthony@example.org,"Installation issue - Drive","Hi Support, The dashboard is not loading any data, just a spinning wheel. Discover continue hit goal whole democratic between.",Technical,Medium,Chat,2025-07-02,2,"Elena Rodriguez",3,2025-07-02,72,SLA_Met
TKT-100809,"Tammy Graves",hmoon@example.com,"Data not syncing - Gun","Hi Support, I cannot log into my account even after resetting the password. Soldier unit evening score ball wall.",Technical,Low,Email,2024-06-14,47,"David Kim",2,2024-06-15,96,SLA_Met
TKT-100810,"Derek Johnson",cindywhite@example.net,"Login failed - Whose","Hi Support, How do I install the latest patch on Windows 11? Say fast save he team.",Technical,Medium,"Web Form",2024-11-06,34,"Anya Sharma",5,2024-11-07,72,SLA_Met
TKT-100811,"Amanda Berger",Laura.Garcia@enterprise.org,"Screen freezes - Carry","Hi Support, I cannot log into my account even after resetting the password. Green production take benefit able final official.",Technical,Medium,"Web Form",2025-09-18,23,"Anya Sharma",1,2025-09-18,72,SLA_Met
TKT-100812,"Sherri Scott",felicia66@example.net,"Change email - She","Hi Support, I want to permanently delete my account and data. Across road situation economy data.",Account,Low,Chat,2024-05-20,96,"Anya Sharma",4,2024-05-24,96,SLA_Met
TKT-100813,"Evan Martinez",Jessica.Salas@tech.io,"Subscription upgrade - Short","Hi Support, I lost my phone and cannot pass the 2FA check. Thank himself share rather key.",Account,Low,Email,2024-12-11,44,"Elena Rodriguez",5,2024-12-12,96,SLA_Met
TKT-100814,"Lee Pena",Mary.Taylor@company.com,"Delete account - Listen","Hi Support, I lost my phone and cannot pass the 2FA check. Mind interest identify especially none shake.",Account,Low,Email,2024-06-21,64,"Chloe Adams",4,2024-06-23,96,SLA_Met
TKT-100815,"Bradley Castro",davidvillanueva@example.org,"Profile update - Tonight","Hi Support, I am not receiving the password reset email. Middle no strategy range picture very option.",Account,Low,"Web Form",2024-03-08,10,"Elena Rodriguez",4,2024-03-08,96,SLA_Met
TKT-100816,"Karen Gutierrez",sandracross@example.net,"Change email - Participant","Hi Support, How do I upgrade to the Enterprise plan? Edge process management age.",Account,Low,Chat,2024-04-20,19,"David Kim",5,2024-04-20,96,SLA_Met
TKT-100817,"Raymond Garcia",longstacey@example.com,"Feature request - Where","Hi Support, Is there a roadmap for new features this year? Consider perhaps camera.","General Inquiry",High,"Web Form",2024-08-03,9,"Elena Rodriguez",4,2024-08-03,48,SLA_Met
TKT-100818,"Brittany Santiago",wkelley@example.com,"Charged twice - Like","Hi Support, I requested a refund 5 days ago, where is it? Win recognize determine scene road.",Billing,High,Chat,2024-05-24,73,"Ben Carter",4,2024-05-27,48,SLA_Breached
TKT-100819,"Danielle Russell",baxterandrew@example.org,"Installation issue - Partner","Hi Support, We are receiving a 500 Internal Server Error on the API endpoint. Concern great technology main black.",Technical,Medium,Email,2025-11-06,3,"Anya Sharma",5,2025-11-06,72,SLA_Met
TKT-100820,"Miss Melissa Carroll",marymckinney@example.net,"Suspicious charge - Medical","Hi Support, I have been trying to update my payment method but it keeps failing. Able occur great we firm poor he.",Billing,Medium,Email,2024-11-25,9,"Elena Rodriguez",5,2024-11-25,72,SLA_Met
TKT-100821,"Jeffrey Davis",bryan44@example.org,"Password reset - Bit","Hi Support, How do I upgrade to the Enterprise plan? Necessary main see day baby wait daughter.",Account,Low,Chat,2024-11-08,45,"Elena Rodriguez",4,2024-11-09,96,SLA_Met
TKT-100822,"Erica Nguyen",kristingonzales@example.com,"Invoice discrepancy - Human","Hi Support, I noticed a double charge on my statement for last month. Improve man rise her security officer fish.",Billing,High,"Web Form",2024-10-22,111,"David Kim",5,2024-10-26,48,SLA_Breached
TKT-100823,"Kelsey Dunn",lisarogers@example.net,"Subscription upgrade - Page","Hi Support, I am not receiving the password reset email. Seek human put dog evening present.",Account,Medium,Chat,2024-08-27,47,"Elena Rodriguez",4,2024-08-28,72,SLA_Met
TKT-100824,"Susan Hill",Matthew.Pearson@enterprise.org,"Delete account - Most","Hi Support, I am not receiving the password reset email. Various perhaps unit number.",Account,Low,Chat,2024-04-20,120,"Chloe Adams",3,2024-04-25,96,SLA_Breached
TKT-100825,"William Green",jerry21@example.org,"Change email - Quality","Hi Support, I want to permanently delete my account and data. Deep every money region expect everyone debate.",Account,Medium,"Web Form",2025-07-13,19,"Anya Sharma",5,2025-07-13,72,SLA_Met
TKT-100826,"Rebecca Casey",Johnny.Holder@company.com,"Refund status - Answer","Hi Support, Why is my bill higher than the agreed amount? Specific watch say seven campaign.",Billing,High,Chat,2024-06-09,25,"Elena Rodriguez",4,2024-06-10,48,SLA_Met
TKT-100827,"Jennifer Johnson",Leah.Hodge@tech.io,"Screen freezes - Two","Hi Support, We are receiving a 500 Internal Server Error on the API endpoint. Decision of join far state instead simple career.",Technical,Medium,Chat,2025-07-16,23,"Ben Carter",4,2025-07-16,72,SLA_Met
TKT-100828,"Thomas Jones",moniquegibson@example.com,"App crashing - Six","Hi Support, We are receiving a 500 Internal Server Error on the API endpoint. Figure outside picture parent film.",Technical,Critical,Chat,2025-06-09,11,"Anya Sharma",5,2025-06-09,24,SLA_Met
TKT-100829,"Megan Jackson",fkelley@example.org,"Screen freezes - Next","Hi Support, The dashboard is not loading any data, just a spinning wheel. Enter well tough contain.",Technical,Low,Chat,2024-11-20,7,"Chloe Adams",4,2024-11-20,96,SLA_Met
TKT-100830,"Sandra Gordon",Wendy.Stafford@company.com,"Data not syncing - Possible","Hi Support, I cannot log into my account even after resetting the password. Politics fact win brother less.",Technical,Medium,Chat,2025-06-21,62,"Anya Sharma",4,2025-06-23,72,SLA_Met
TKT-100831,"Samantha King",Michelle.Harper@tech.io,"Update credit card - Low","Hi Support, My subscription renewed automatically, but I wanted to cancel. Resource kind power despite line involve color.",Billing,Low,"Web Form",2024-03-19,14,"Chloe Adams",2,2024-03-19,96,SLA_Met
TKT-100832,"Noah Marquez",kelly10@example.com,"Suspicious charge - Yes","Hi Support, I requested a refund 5 days ago, where is it? Himself many eight I some financial wish.",Billing,Low,"Web Form",2025-11-04,88,"Chloe Adams",5,2025-11-07,96,SLA_Met
TKT-100833,"Kelsey Russo",Jennifer.Harmon@enterprise.org,"Office location - Point","Hi Support, What are your support operating hours? Doctor exactly yard past few prepare.","General Inquiry",Medium,Email,2024-11-07,37,"Elena Rodriguez",4,2024-11-08,72,SLA_Met
TKT-100834,"Amy Davis",smithcarrie@example.net,"Refund status - Mind","Hi Support, Can you send me the invoice for transaction #99283? Paper such three teach professor.",Billing,Low,"Web Form",2024-03-01,44,"Anya Sharma",5,2024-03-02,96,SLA_Met
TKT-100835,"Carolyn Cook",johnstonamber@example.com,"Change email - Surface","Hi Support, Please help me change the email address associated with my account. It staff born administration loss bad.",Account,Low,"Web Form",2024-08-02,2,"Elena Rodriguez",5,2024-08-02,96,SLA_Met
TKT-100836,"Jose Gonzalez DVM",qjones@example.net,"Installation issue - That","Hi Support, The application crashes every time I open the settings tab. Second trouble join through staff.",Technical,Low,Chat,2024-08-18,36,"Ben Carter",5,2024-08-19,96,SLA_Met
TKT-100837,"John Ramos",Katherine.Watson@tech.io,"Profile update - Worry","Hi Support, I lost my phone and cannot pass the 2FA check. Week major pull increase right.",Account,High,"Web Form",2024-07-20,6,"Chloe Adams",5,2024-07-20,48,SLA_Met
TKT-100838,"Michelle Walsh",emily14@example.org,"Office location - Town","Hi Support, Where is your headquarters located? Wind human financial glass.","General Inquiry",Medium,Chat,2024-06-03,35,"David Kim",4,2024-06-04,72,SLA_Met
TKT-100839,"Sherry Ewing",olivia52@example.com,"Refund status - Similar","Hi Support, I requested a refund 5 days ago, where is it? Energy bill anyone organization they style increase.",Billing,Low,Email,2025-04-29,120,"David Kim",1,2025-05-04,96,SLA_Breached
TKT-100840,"Joseph Herrera",qfernandez@example.net,"Installation issue - Door","Hi Support, The application crashes every time I open the settings tab. If follow go hold room contain work.",Technical,Medium,Chat,2025-04-13,107,"Chloe Adams",3,2025-04-17,72,SLA_Breached
TKT-100841,"Gregory Martinez",awolfe@example.com,"Product question - Window","Hi Support, Do you offer a discount for non-profits? Development throw relationship several attention market.","General Inquiry",Medium,Chat,2025-03-21,26,"Ben Carter",4,2025-03-22,72,SLA_Met
TKT-100842,"Matthew Bradford",Deborah.Larson@tech.io,"Screen freezes - Leg","Hi Support, I cannot log into my account even after resetting the password. Public less do think cup hundred.",Technical,Medium,Email,2024-03-11,75,"Anya Sharma",4,2024-03-14,72,SLA_Breached
TKT-100843,"Roger Holland",kevin46@example.org,"Refund status - Pick","Hi Support, Why is my bill higher than the agreed amount? Wear baby toward hundred they.",Billing,High,Chat,2025-11-06,18,"Anya Sharma",5,2025-11-06,48,SLA_Met
TKT-100844,"Clifford Taylor",Haley.Lawrence@enterprise.org,"Refund status - Around","Hi Support, Why is my bill higher than the agreed amount? Change cup through Republican.",Billing,Low,Email,2024-07-29,32,"Anya Sharma",5,2024-07-30,96,SLA_Met
TKT-100845,"William White",scottklein@example.org,"Charged twice - Model","Hi Support, My subscription renewed automatically, but I wanted to cancel. Safe step could example indeed day.",Billing,Medium,Email,2025-06-02,13,"David Kim",3,2025-06-02,72,SLA_Met
TKT-100846,"Tiffany Pierce",ycasey@example.com,"App crashing - Mean","Hi Support, I cannot log into my account even after resetting the password. Far education step.",Technical,Medium,"Web Form",2024-02-02,27,"Anya Sharma",2,2024-02-03,72,SLA_Met
TKT-100847,"Robert Bruce",James.Wade@enterprise.org,"Refund status - Organization","Hi Support, I have been trying to update my payment method but it keeps failing. Attention lot game commercial know.",Billing,Low,Email,2024-12-03,6,"Ben Carter",1,2024-12-03,96,SLA_Met
TKT-100848,"Derek Sanchez",Lori.Pope@company.com,"Password reset - Reality","Hi Support, My profile picture is not updating. Nation or easy it.",Account,Medium,"Web Form",2025-10-27,17,"Ben Carter",4,2025-10-27,72,SLA_Met
TKT-100849,"Sara Rios",tholmes@example.org,"Update credit card - Candidate","Hi Support, Why is my bill higher than the agreed amount? Behind create dinner parent treat table.",Billing,Low,Email,2025-07-09,75,"David Kim",4,2025-07-12,96,SLA_Met
TKT-100850,"Robert Bell",karen95@example.net,"Unrecognized login - Old","Hi Support, I received a suspicious email claiming to be support. Whether hour member wonder.",Fraud,Critical,"Web Form",2024-06-08,21,"Elena Rodriguez",5,2024-06-08,24,SLA_Met
TKT-100851,"Eric Hernandez",brianna84@example.org,"Payment failed - Few","Hi Support, I requested a refund 5 days ago, where is it? Full beat activity because director also anything.",Billing,Low,Email,2024-09-10,1,"David Kim",3,2024-09-10,96,SLA_Met
TKT-100852,"Raymond Mosley",gordonronald@example.org,"Demo request - Wonder","Hi Support, Where is your headquarters located? Hand stock surface approach across benefit hospital.","General Inquiry",Medium,Chat,2024-02-20,33,"David Kim",4,2024-02-21,72,SLA_Met
TKT-100853,"Christine Sutton",danielrivera@example.net,"API Error 500 - Realize","Hi Support, How do I install the latest patch on Windows 11? General name most gas.",Technical,Medium,Email,2025-10-09,111,"Elena Rodriguez",3,2025-10-13,72,SLA_Breached
TKT-100854,"Danielle Aguirre",Lauren.Hughes@enterprise.org,"Data not syncing - Sister","Hi Support, I cannot log into my account even after resetting the password. Institution wide lead design see particularly.",Technical,High,Email,2024-10-07,30,"Anya Sharma",5,2024-10-08,48,SLA_Met
TKT-100855,"Mia Allen",mortiz@example.com,"Subscription upgrade - Act","Hi Support, Please help me change the email address associated with my account. Night cell man piece smile material begin.",Account,Medium,"Web Form",2025-06-29,29,"Ben Carter",4,2025-06-30,72,SLA_Met
TKT-100856,"Jonathan Hayes",frederickmitchell@example.net,"Refund status - Want","Hi Support, My subscription renewed automatically, but I wanted to cancel. Whose still reality edge.",Billing,Low,"Web Form",2025-07-03,2,"Ben Carter",5,2025-07-03,96,SLA_Met
TKT-100857,"Stephanie Baker",Diana.Joyce@company.com,"Feature request - Someone","Hi Support, Do you offer a discount for non-profits? Memory evidence picture eye.","General Inquiry",Medium,Chat,2025-11-17,67,"David Kim",5,2025-11-19,72,SLA_Met
TKT-100858,"Joseph Thomas",ijimenez@example.net,"Hours of operation - Action","Hi Support, What are your support operating hours? Answer their nature senior behavior manage.","General Inquiry",Low,Email,2025-11-27,3,"Elena Rodriguez",4,2025-11-27,96,SLA_Met
TKT-100859,"David Smith",johnwhitaker@example.com,"Installation issue - Education","Hi Support, The dashboard is not loading any data, just a spinning wheel. Beat until assume couple nearly seven sister leg.",Technical,Medium,Chat,2025-09-09,120,"Chloe Adams",4,2025-09-14,72,SLA_Breached
TKT-100860,"Sheila Garner",anthonysullivan@example.net,"Charged twice - Police","Hi Support, Why is my bill higher than the agreed amount? Or attack push measure.",Billing,Low,"Web Form",2025-08-25,12,"Chloe Adams",2,2025-08-25,96,SLA_Met
TKT-100861,"Michael Snyder",David.Austin@enterprise.org,"Update credit card - Especially","Hi Support, I noticed a double charge on my statement for last month. Trip positive hear they size family.",Billing,Low,"Web Form",2025-08-03,20,"Chloe Adams",4,2025-08-03,96,SLA_Met
TKT-100862,"Gerald Ward",Travis.Little@enterprise.org,"Invoice discrepancy - Season","Hi Support, Why is my bill higher than the agreed amount? Wide must fly still final within enough.",Billing,Low,Email,2024-08-27,26,"Anya Sharma",3,2024-08-28,96,SLA_Met
TKT-100863,"Trevor Gray",ruth70@example.net,"Login failed - Near","Hi Support, The dashboard is not loading any data, just a spinning wheel. Agree name rest behind.",Technical,Medium,Chat,2025-08-09,16,"Ben Carter",4,2025-08-09,72,SLA_Met
TKT-100864,"Michael Park",frankhood@example.net,"Invoice discrepancy - Its","Hi Support, I have been trying to update my payment method but it keeps failing. Lay within live create particular third above benefit.",Billing,Low,Email,2025-01-18,101,"Chloe Adams",2,2025-01-22,96,SLA_Breached
TKT-100865,"Tyler Wilson",carolharris@example.net,"Office location - Quality","Hi Support, I would like to request a demo for my team. Join inside nice author road.","General Inquiry",Medium,Chat,2025-05-10,12,"Ben Carter",4,2025-05-10,72,SLA_Met
TKT-100866,"Theresa Cain",fwells@example.com,"Charged twice - Individual","Hi Support, Why is my bill higher than the agreed amount? Ground sport hear glass sort.",Billing,Low,Email,2024-08-04,11,"Elena Rodriguez",3,2024-08-04,96,SLA_Met
TKT-100867,"John Berry",cookejustin@example.net,"API Error 500 - After","Hi Support, The dashboard is not loading any data, just a spinning wheel. Join name east call plant two.",Technical,High,Email,2024-06-19,30,"Ben Carter",5,2024-06-20,48,SLA_Met
TKT-100868,"Nicole Tucker",Kathy.Ramos@tech.io,"Screen freezes - Opportunity","Hi Support, The dashboard is not loading any data, just a spinning wheel. Environmental strategy response alone run school again certainly.",Technical,Critical,Email,2025-07-03,4,"Ben Carter",5,2025-07-03,24,SLA_Met
TKT-100869,"Anthony Lopez",rthomas@example.net,"Delete account - Fight","Hi Support, How do I upgrade to the Enterprise plan? Across rest upon usually card leader whom student.",Account,Low,Email,2025-09-27,8,"Anya Sharma",4,2025-09-27,96,SLA_Met
TKT-100870,"Courtney Burton",qsalazar@example.com,"Screen freezes - Serious","Hi Support, How do I install the latest patch on Windows 11? Win free already white hair service.",Technical,Medium,Chat,2024-10-10,71,"Chloe Adams",4,2024-10-12,72,SLA_Met
TKT-100871,"Shawn Williams",catkinson@example.org,"Invoice discrepancy - Wear","Hi Support, I requested a refund 5 days ago, where is it? Detail sound hold thought discussion allow.",Billing,Low,"Web Form",2025-04-03,14,"Elena Rodriguez",5,2025-04-03,96,SLA_Met
TKT-100872,"Gregory Taylor",tmorgan@example.com,"Password reset - Director","Hi Support, I want to permanently delete my account and data. Ever finally fact cause offer few.",Account,Medium,"Web Form",2025-06-15,4,"Ben Carter",1,2025-06-15,72,SLA_Met
TKT-100873,"Andrea Ortega",james39@example.com,"Suspicious charge - Walk","Hi Support, I have been trying to update my payment method but it keeps failing. General customer more information wrong region people.",Billing,Low,Chat,2025-02-04,42,"Ben Carter",5,2025-02-05,96,SLA_Met
TKT-100874,"Carlos Skinner",omoody@example.org,"Payment failed - Know","Hi Support, I have been trying to update my payment method but it keeps failing. Task but whole court American hard size top.",Billing,Medium,Email,2025-05-18,50,"Elena Rodriguez",1,2025-05-20,72,SLA_Met
TKT-100875,"Sean Cisneros",fhoffman@example.org,"API Error 500 - Game","Hi Support, The application crashes every time I open the settings tab. Then professor act democratic head.",Technical,High,"Web Form",2025-03-18,3,"Elena Rodriguez",5,2025-03-18,48,SLA_Met
TKT-100876,"Curtis Hogan",craigchristopher@example.org,"Delete account - Nice","Hi Support, How do I upgrade to the Enterprise plan? Economic natural office benefit rest subject require.",Account,Low,Chat,2025-09-15,17,"Ben Carter",5,2025-09-15,96,SLA_Met
TKT-100877,"Jeanette Ray",deckermeghan@example.net,"Delete account - Sing","Hi Support, I lost my phone and cannot pass the 2FA check. Meeting without itself national game issue month red.",Account,High,"Web Form",2024-01-26,15,"David Kim",4,2024-01-26,48,SLA_Met
TKT-100878,"Jeremy Proctor",Christopher.Martin@enterprise.org,"Invoice discrepancy - Mind","Hi Support, I noticed a double charge on my statement for last month. Whole moment college develop discover culture how.",Billing,Low,Chat,2024-11-04,84,"Anya Sharma",1,2024-11-07,96,SLA_Met
TKT-100879,"Andrew Phillips",ianserrano@example.org,"Installation issue - Southern","Hi Support, How do I install the latest patch on Windows 11? Assume next likely eight I.",Technical,Medium,"Web Form",2024-10-07,21,"David Kim",5,2024-10-07,72,SLA_Met
TKT-100880,"Christopher Campbell",daviddavid@example.net,"Password reset - Drug","Hi Support, I want to permanently delete my account and data. Prevent ahead region.",Account,Medium,Chat,2024-06-17,109,"David Kim",4,2024-06-21,72,SLA_Breached
TKT-100881,"Donald Cohen",edwardramsey@example.com,"Stolen card - End","Hi Support, Someone used my card to make a purchase on your site. Practice move inside week reach because.",Fraud,High,"Web Form",2025-03-17,31,"Ben Carter",5,2025-03-18,48,SLA_Met
TKT-100882,"Jared James",richard10@example.net,"Invoice discrepancy - Science","Hi Support, I have been trying to update my payment method but it keeps failing. Water month value spend order.",Billing,Low,"Web Form",2025-01-17,41,"Anya Sharma",2,2025-01-18,96,SLA_Met
TKT-100883,"Elizabeth Dawson",fernandezmaxwell@example.org,"Invoice discrepancy - Hot","Hi Support, Can you send me the invoice for transaction #99283? Nation report market six worry.",Billing,High,Email,2024-08-09,25,"Chloe Adams",1,2024-08-10,48,SLA_Met
TKT-100884,"Vicki Flores",Isabella.Brady@enterprise.org,"Login failed - Reality","Hi Support, The application crashes every time I open the settings tab. First black catch.",Technical,High,Email,2024-11-18,3,"Anya Sharma",4,2024-11-18,48,SLA_Met
TKT-100885,"Brian Campbell",brandonlarsen@example.net,"Subscription upgrade - Argue","Hi Support, Please help me change the email address associated with my account. Short summer street mouth financial forward owner.",Account,Medium,Chat,2025-04-21,30,"Chloe Adams",2,2025-04-22,72,SLA_Met
TKT-100886,"Christopher Johnson",uortiz@example.com,"App crashing - It","Hi Support, We are receiving a 500 Internal Server Error on the API endpoint. Alone five history condition owner guess.",Technical,Medium,Email,2024-04-11,25,"David Kim",4,2024-04-12,72,SLA_Met
TKT-100887,"Stephanie Lee",adamspatrick@example.org,"Hours of operation - Agreement","Hi Support, Do you offer a discount for non-profits? Condition environment husband once thing take nice.","General Inquiry",Low,"Web Form",2025-07-11,120,"Ben Carter",4,2025-07-16,96,SLA_Breached
TKT-100888,"Steven Martin",ubrown@example.org,"Refund status - Economy","Hi Support, I requested a refund 5 days ago, where is it? Agreement name away think form south include.",Billing,Low,Chat,2024-05-22,16,"Ben Carter",5,2024-05-22,96,SLA_Met
TKT-100889,"Darlene Diaz",Courtney.Anderson@company.com,"Screen freezes - Agent","Hi Support, My data hasn't synced to the cloud for 24 hours. Chair wife team surface lead child father.",Technical,Medium,Chat,2024-08-27,1,"Elena Rodriguez",5,2024-08-27,72,SLA_Met
TKT-100890,"Jack Garcia",wulisa@example.org,"Login failed - Hold","Hi Support, How do I install the latest patch on Windows 11? Hit marriage worker ability child center class establish.",Technical,Medium,Chat,2024-11-01,120,"Anya Sharma",4,2024-11-06,72,SLA_Breached
TKT-100891,"Larry Duncan",janethomas@example.com,"Charged twice - Any","Hi Support, Why is my bill higher than the agreed amount? Senior read stand even range maintain sister.",Billing,Low,Chat,2024-08-27,114,"Ben Carter",3,2024-08-31,96,SLA_Breached
TKT-100892,"John Hall",gregoryanderson@example.net,"Invoice discrepancy - Reduce","Hi Support, I have been trying to update my payment method but it keeps failing. Trade air per protect.",Billing,Medium,"Web Form",2025-06-10,88,"Ben Carter",1,2025-06-13,72,SLA_Breached
TKT-100893,"Gabriel Smith",Steven.Larson@enterprise.org,"Product question - Describe","Hi Support, Is there a roadmap for new features this year? Yet every music total anything.","General Inquiry",Low,"Web Form",2024-04-17,23,"Chloe Adams",5,2024-04-17,96,SLA_Met
TKT-100894,"Kevin Kemp",martinezadam@example.org,"API Error 500 - Financial","Hi Support, My data hasn't synced to the cloud for 24 hours. Scientist than say choice heart.",Technical,High,Email,2024-11-30,22,"Ben Carter",5,2024-11-30,48,SLA_Met
TKT-100895,"Patrick Brady",brittanygraham@example.com,"Profile update - Certain","Hi Support, Please help me change the email address associated with my account. Professor strong know watch camera admit.",Account,Low,Chat,2025-09-06,11,"Anya Sharma",3,2025-09-06,96,SLA_Met
TKT-100896,"Linda Clark",Rebecca.Bennett@company.com,"Hours of operation - Present","Hi Support, How does the team pricing tier work? Story manager civil difference.","General Inquiry",Medium,Email,2025-09-09,53,"Anya Sharma",4,2025-09-11,72,SLA_Met
TKT-100897,"Jerry Orr",boyerbruce@example.org,"Login failed - Rest","Hi Support, How do I install the latest patch on Windows 11? Peace happy western note.",Technical,High,Chat,2024-01-23,22,"David Kim",4,2024-01-23,48,SLA_Met
TKT-100898,"Kristy Williams",Jesse.Mckay@tech.io,"API Error 500 - That","Hi Support, How do I install the latest patch on Windows 11? Address let vote.",Technical,Medium,Email,2025-04-14,33,"Anya Sharma",5,2025-04-15,72,SLA_Met
TKT-100899,"Crystal Smith",April.Clay@enterprise.org,"Suspicious charge - Step","Hi Support, Why is my bill higher than the agreed amount? Executive sea left themselves image allow wish subject.",Billing,Low,Chat,2024-10-27,106,"Elena Rodriguez",4,2024-10-31,96,SLA_Breached
TKT-100900,"David Burns",Daniel.Mcclain@enterprise.org,"Refund status - Wait","Hi Support, I noticed a double charge on my statement for last month. Standard why peace student figure or either.",Billing,Medium,Email,2025-11-10,20,"Ben Carter",4,2025-11-10,72,SLA_Met
TKT-100901,"Julie Gonzalez MD",vward@example.org,"2FA issues - Sign","Hi Support, My profile picture is not updating. Recently anything again social movie daughter reveal.",Account,Medium,Email,2024-11-28,57,"Ben Carter",5,2024-11-30,72,SLA_Met
TKT-100902,"Laura Swanson",afields@example.com,"Charged twice - Agreement","Hi Support, Can you send me the invoice for transaction #99283? Tough become return pull.",Billing,Low,Email,2025-01-13,75,"Ben Carter",1,2025-01-16,96,SLA_Met
TKT-100903,"Steven Haynes",jconway@example.com,"Refund status - Street","Hi Support, My subscription renewed automatically, but I wanted to cancel. Go four kind listen.",Billing,Low,Email,2024-05-19,30,"Chloe Adams",3,2024-05-20,96,SLA_Met
TKT-100904,"Ryan Young",curtisbryan@example.com,"Charged twice - Opportunity","Hi Support, I noticed a double charge on my statement for last month. Inside else involve poor tell tough term father.",Billing,Medium,"Web Form",2025-07-27,8,"Ben Carter",4,2025-07-27,72,SLA_Met
TKT-100905,"David Hatfield",Michael.Jones@enterprise.org,"Suspicious activity - Less","Hi Support, I received a login alert from a device in Russia, which wasn't me. Mention paper student politics some scientist.",Fraud,High,"Web Form",2025-10-20,3,"Elena Rodriguez",2,2025-10-20,48,SLA_Met
TKT-100906,"Brandon Anderson",cevans@example.org,"API Error 500 - Add","Hi Support, The application crashes every time I open the settings tab. Her everybody his half.",Technical,Medium,Email,2024-04-30,63,"Anya Sharma",5,2024-05-02,72,SLA_Met
TKT-100907,"Paul Martin",Darrell.Dalton@company.com,"Hours of operation - Nature","Hi Support, I would like to request a demo for my team. Seem field push anyone student physical reveal.","General Inquiry",Low,Email,2025-05-01,15,"Ben Carter",5,2025-05-01,96,SLA_Met
TKT-100908,"Walter Pitts",eric66@example.org,"Suspicious charge - Quality","Hi Support, I have been trying to update my payment method but it keeps failing. Teacher ability measure scientist area.",Billing,Low,"Web Form",2025-05-20,17,"David Kim",4,2025-05-20,96,SLA_Met
TKT-100909,"Laura Wiggins",reevesrobert@example.com,"Phishing attempt - Almost","Hi Support, Someone used my card to make a purchase on your site. Message strong wide other brother source.",Fraud,High,Email,2025-06-12,6,"Anya Sharma",3,2025-06-12,48,SLA_Met
TKT-100910,"Michael Hamilton",spencedamon@example.com,"Delete account - Environmental","Hi Support, I lost my phone and cannot pass the 2FA check. Pay prove these detail space kitchen.",Account,Medium,Chat,2024-08-11,120,"Ben Carter",5,2024-08-16,72,SLA_Breached
TKT-100911,"Mrs. Regina Vega",katherinemayer@example.net,"Profile update - Run","Hi Support, My profile picture is not updating. Ok natural fish chair provide section indeed.",Account,Low,Chat,2025-04-18,64,"David Kim",5,2025-04-20,96,SLA_Met
TKT-100912,"Willie Flores",Amber.Velez@tech.io,"Login failed - Case","Hi Support, How do I install the latest patch on Windows 11? Yeah certainly reflect save ask.",Technical,Low,Chat,2025-11-02,36,"Chloe Adams",3,2025-11-03,96,SLA_Met
TKT-100913,"Kristina Abbott",william58@example.net,"Password reset - Various","Hi Support, I am not receiving the password reset email. Least everything recognize determine popular unit.",Account,Low,"Web Form",2024-01-30,16,"David Kim",5,2024-01-30,96,SLA_Met
TKT-100914,"Dr. Jason Owens",wilsonmichael@example.org,"Installation issue - Military","Hi Support, We are receiving a 500 Internal Server Error on the API endpoint. Career training what cover consumer.",Technical,Medium,Email,2024-07-07,3,"David Kim",4,2024-07-07,72,SLA_Met
TKT-100915,"Linda Carter",csmith@example.net,"Password reset - Probably","Hi Support, How do I upgrade to the Enterprise plan? Expect guy eat season order trade affect.",Account,Low,"Web Form",2025-03-02,46,"Anya Sharma",4,2025-03-03,96,SLA_Met
TKT-100916,"Colton Owens",krystallee@example.com,"Screen freezes - Still","Hi Support, I cannot log into my account even after resetting the password. Plant area shake send prepare defense probably.",Technical,Medium,"Web Form",2024-06-16,73,"Chloe Adams",4,2024-06-19,72,SLA_Breached
TKT-100917,"Jennifer Myers",theresasharp@example.org,"Screen freezes - Strategy","Hi Support, The dashboard is not loading any data, just a spinning wheel. Use majority story process minute commercial.",Technical,Medium,"Web Form",2025-03-29,20,"Anya Sharma",3,2025-03-29,72,SLA_Met
TKT-100918,"Ross Martinez",amandagoodwin@example.net,"Password reset - Trouble","Hi Support, My profile picture is not updating. Trial action give time above month factor.",Account,Low,Email,2025-05-28,81,"Ben Carter",4,2025-05-31,96,SLA_Met
TKT-100919,"Denise Smith",Susan.Carlson@company.com,"Password reset - Those","Hi Support, My profile picture is not updating. Impact week campaign answer.",Account,Low,Email,2025-05-04,120,"David Kim",5,2025-05-09,96,SLA_Breached
TKT-100920,"Adam Chase",keithreid@example.org,"Demo request - Beyond","Hi Support, Is there a roadmap for new features this year? Administration benefit career including PM somebody message statement.","General Inquiry",Medium,"Web Form",2025-03-01,2,"Ben Carter",5,2025-03-01,72,SLA_Met
TKT-100921,"Douglas Marsh",christina35@example.net,"Suspicious activity - School","Hi Support, I received a suspicious email claiming to be support. Glass hit weight page.",Fraud,Critical,Email,2025-08-13,8,"Ben Carter",2,2025-08-13,24,SLA_Met
TKT-100922,"Christine Daniels",Kristine.Anderson@enterprise.org,"Office location - Occur","Hi Support, Where is your headquarters located? Close happy property care.","General Inquiry",Medium,Chat,2024-01-12,94,"Anya Sharma",4,2024-01-15,72,SLA_Breached
TKT-100923,"Daniel Harrison",Mary.Gallegos@enterprise.org,"Data not syncing - Know","Hi Support, The dashboard is not loading any data, just a spinning wheel. Yard purpose maybe question chair.",Technical,Medium,Chat,2025-05-11,6,"Ben Carter",5,2025-05-11,72,SLA_Met
TKT-100924,"Benjamin Frye",williamcruz@example.org,"Product question - Song","Hi Support, Do you offer a discount for non-profits? Service wonder tend.","General Inquiry",Medium,"Web Form",2025-06-12,15,"David Kim",4,2025-06-12,72,SLA_Met
TKT-100925,"Dr. Matthew Mueller",lcooper@example.com,"Login failed - Young","Hi Support, The application crashes every time I open the settings tab. Would safe serious.",Technical,High,"Web Form",2024-02-27,120,"Ben Carter",4,2024-03-03,48,SLA_Breached
TKT-100926,"Natalie Johns",William.Smith@enterprise.org,"2FA issues - Education","Hi Support, My profile picture is not updating. Claim per have mind.",Account,Medium,Email,2024-07-10,16,"Elena Rodriguez",5,2024-07-10,72,SLA_Met
TKT-100927,"Paul Mcdonald",Ryan.Jenkins@company.com,"Delete account - Model","Hi Support, I am not receiving the password reset email. Raise ok once mention.",Account,High,Chat,2025-07-20,19,"Anya Sharma",3,2025-07-20,48,SLA_Met
TKT-100928,"Jesse Williamson",smithjohn@example.net,"Update credit card - Throughout","Hi Support, Why is my bill higher than the agreed amount? Reason apply better sing.",Billing,Medium,Chat,2024-01-30,37,"Anya Sharma",1,2024-01-31,72,SLA_Met
TKT-100929,"Patricia Patterson",Devin.Wilkinson@company.com,"Installation issue - Heavy","Hi Support, My data hasn't synced to the cloud for 24 hours. Today song environment white.",Technical,Low,"Web Form",2025-06-27,53,"Ben Carter",4,2025-06-29,96,SLA_Met
TKT-100930,"Ashley Greene",david72@example.org,"Hours of operation - Effort","Hi Support, Do you offer a discount for non-profits? Improve top between sound.","General Inquiry",Medium,Email,2025-02-13,60,"Anya Sharma",4,2025-02-15,72,SLA_Met
TKT-100931,"Vanessa Mcintyre",ufox@example.com,"Subscription upgrade - Environment","Hi Support, Please help me change the email address associated with my account. Yard feeling lead impact.",Account,Low,Chat,2025-10-25,73,"Ben Carter",4,2025-10-28,96,SLA_Met
TKT-100932,"Mitchell Vasquez",calderonrebecca@example.org,"2FA issues - Trouble","Hi Support, My profile picture is not updating. Performance ten either shake.",Account,Medium,"Web Form",2025-05-04,31,"David Kim",4,2025-05-05,72,SLA_Met
TKT-100933,"Jared Yu",Tammy.Oneal@enterprise.org,"Update credit card - Wide","Hi Support, I noticed a double charge on my statement for last month. Within call since star grow common until.",Billing,Low,Email,2025-01-28,9,"David Kim",4,2025-01-28,96,SLA_Met
TKT-100934,"Timothy Joseph",donna12@example.net,"Invoice discrepancy - About","Hi Support, Why is my bill higher than the agreed amount? Color occur outside forget.",Billing,High,Chat,2024-12-09,12,"Chloe Adams",5,2024-12-09,48,SLA_Met
TKT-100935,"Debra Stephens",christopher83@example.org,"Payment failed - Present","Hi Support, Can you send me the invoice for transaction #99283? Wrong spring run space candidate employee.",Billing,Low,Chat,2024-11-03,8,"Anya Sharma",2,2024-11-03,96,SLA_Met
TKT-100936,"Randy Quinn",sporter@example.com,"Pricing tiers - Sell","Hi Support, Do you offer a discount for non-profits? Could million national.","General Inquiry",Medium,"Web Form",2024-03-23,69,"Chloe Adams",4,2024-03-25,72,SLA_Met
TKT-100937,"David Miller",michaelbaldwin@example.org,"Subscription upgrade - You","Hi Support, I am not receiving the password reset email. Analysis truth today word.",Account,Low,Email,2025-04-24,120,"David Kim",4,2025-04-29,96,SLA_Breached
TKT-100938,"Marcus Thompson",cgregory@example.org,"Screen freezes - Consumer","Hi Support, My data hasn't synced to the cloud for 24 hours. Girl within success sound good item.",Technical,Low,"Web Form",2025-06-06,25,"Anya Sharma",3,2025-06-07,96,SLA_Met
TKT-100939,"Rose Mccullough",nicholas73@example.org,"Installation issue - Outside","Hi Support, How do I install the latest patch on Windows 11? Color visit rate health movement.",Technical,Low,"Web Form",2024-03-06,42,"David Kim",5,2024-03-07,96,SLA_Met
TKT-100940,"Ashley Collins",hesterbridget@example.net,"Charged twice - Or","Hi Support, Why is my bill higher than the agreed amount? Line scene money day gas it could.",Billing,Medium,Chat,2025-11-27,85,"David Kim",4,2025-11-30,72,SLA_Breached
TKT-100941,"Joseph Brown",rallen@example.org,"App crashing - Billion","Hi Support, How do I install the latest patch on Windows 11? Ever ready direction describe.",Technical,Low,"Web Form",2024-10-16,7,"Chloe Adams",4,2024-10-16,96,SLA_Met
TKT-100942,"Kathleen Jackson",Ronald.Santos@enterprise.org,"Screen freezes - Either","Hi Support, I cannot log into my account even after resetting the password. Arrive then interview one per.",Technical,Medium,"Web Form",2024-09-10,42,"Ben Carter",5,2024-09-11,72,SLA_Met
TKT-100943,"Holly Alexander",amanda96@example.com,"Data not syncing - Style","Hi Support, The application crashes every time I open the settings tab. Choice book dark how age.",Technical,Medium,Chat,2024-01-31,30,"Elena Rodriguez",5,2024-02-01,72,SLA_Met
TKT-100944,"Shannon Singleton",xwilson@example.net,"Charged twice - Send","Hi Support, I noticed a double charge on my statement for last month. Start administration way describe sometimes through.",Billing,High,Email,2024-10-10,9,"Anya Sharma",5,2024-10-10,48,SLA_Met
TKT-100945,"Thomas Brown",morrisonscott@example.org,"Data not syncing - Those","Hi Support, The dashboard is not loading any data, just a spinning wheel. Finish our issue there.",Technical,High,Chat,2025-08-18,35,"Elena Rodriguez",3,2025-08-19,48,SLA_Met
TKT-100946,"Jessica Ruiz",James.Torres@company.com,"Charged twice - Age","Hi Support, Can you send me the invoice for transaction #99283? Base future page start study perhaps.",Billing,Low,Chat,2024-04-19,109,"Ben Carter",2,2024-04-23,96,SLA_Breached
TKT-100947,"Mary Owens",dmathis@example.net,"Installation issue - Doctor","Hi Support, The dashboard is not loading any data, just a spinning wheel. Key offer maintain understand.",Technical,Medium,"Web Form",2024-05-02,120,"Chloe Adams",4,2024-05-07,72,SLA_Breached
TKT-100948,"Jonathan Gonzales",Maria.Hart@tech.io,"Invoice discrepancy - He","Hi Support, I noticed a double charge on my statement for last month. Year because economy final first attack.",Billing,Low,"Web Form",2024-09-18,107,"Anya Sharma",1,2024-09-22,96,SLA_Breached
TKT-100949,"Seth Holland",raven94@example.com,"API Error 500 - Face","Hi Support, The application crashes every time I open the settings tab. Good media week phone husband.",Technical,Medium,Email,2025-03-29,39,"Anya Sharma",4,2025-03-30,72,SLA_Met
TKT-100950,"Krystal Giles",wsmith@example.org,"Change email - Anyone","Hi Support, I am not receiving the password reset email. Economy road establish chance factor.",Account,Medium,Email,2025-12-29,1,"Chloe Adams",4,2025-12-29,72,SLA_Met
TKT-100951,"Billy Huff",zgonzalez@example.com,"Update credit card - Well","Hi Support, I have been trying to update my payment method but it keeps failing. Last charge parent pressure news approach throw.",Billing,Medium,Chat,2024-11-09,35,"Elena Rodriguez",1,2024-11-10,72,SLA_Met
TKT-100952,"Valerie Davis",Ana.Garcia@enterprise.org,"Subscription upgrade - Score","Hi Support, I lost my phone and cannot pass the 2FA check. Standard newspaper surface.",Account,Medium,Chat,2025-04-17,96,"David Kim",3,2025-04-21,72,SLA_Breached
TKT-100953,"Rebecca Mcgee",Jamie.Escobar@tech.io,"Office location - Parent","Hi Support, How does the team pricing tier work? Just necessary money decade project affect area investment.","General Inquiry",High,Email,2025-02-22,36,"Chloe Adams",5,2025-02-23,48,SLA_Met
TKT-100954,"Charles Bates",jennifer32@example.net,"Product question - Food","Hi Support, Is there a roadmap for new features this year? Company shoulder say environment.","General Inquiry",Medium,"Web Form",2025-11-26,5,"Chloe Adams",3,2025-11-26,72,SLA_Met
TKT-100955,"Sean Moore",jennifer52@example.net,"Pricing tiers - It","Hi Support, I would like to request a demo for my team. Traditional move bank wide.","General Inquiry",Low,"Web Form",2025-11-04,37,"Chloe Adams",4,2025-11-05,96,SLA_Met
TKT-100956,"Isabel Wilson",qjoseph@example.org,"Installation issue - Move","Hi Support, My data hasn't synced to the cloud for 24 hours. Education issue stand appear professor perform too last.",Technical,Low,Chat,2025-06-14,30,"Elena Rodriguez",5,2025-06-15,96,SLA_Met
TKT-100957,"Cory Crawford",gregorybryan@example.net,"API Error 500 - Start","Hi Support, How do I install the latest patch on Windows 11? Community before easy gun.",Technical,High,Email,2024-12-22,2,"Ben Carter",5,2024-12-22,48,SLA_Met
TKT-100958,"Bryan Benson",william26@example.org,"Phishing attempt - Court","Hi Support, I received a login alert from a device in Russia, which wasn't me. Where themselves sound man team travel account author.",Fraud,Critical,"Web Form",2024-07-17,30,"Ben Carter",2,2024-07-18,24,SLA_Breached
TKT-100959,"Matthew Walker",justin58@example.com,"Data not syncing - Many","Hi Support, The application crashes every time I open the settings tab. Around everyone attorney production.",Technical,Medium,Chat,2024-02-03,120,"Elena Rodriguez",1,2024-02-08,72,SLA_Breached
TKT-100960,"Tiffany Rivera",samanthaforbes@example.org,"Charged twice - Go","Hi Support, Can you send me the invoice for transaction #99283? Participant unit century federal people bar finish.",Billing,Low,Chat,2024-10-24,120,"Ben Carter",2,2024-10-29,96,SLA_Breached
TKT-100961,"Laura Garcia",rbenson@example.org,"Login failed - Dream","Hi Support, The application crashes every time I open the settings tab. Whatever Democrat look player letter available.",Technical,Critical,Chat,2025-02-21,28,"Chloe Adams",4,2025-02-22,24,SLA_Breached
TKT-100962,"Joseph Walker",Kimberly.Sanchez@enterprise.org,"Hours of operation - Election","Hi Support, Do you offer a discount for non-profits? Year where on full.","General Inquiry",Low,Email,2025-04-05,72,"David Kim",5,2025-04-08,96,SLA_Met
TKT-100963,"Paul Brown",jackson54@example.org,"Change email - Western","Hi Support, How do I upgrade to the Enterprise plan? Cup point statement.",Account,Medium,Chat,2024-07-17,6,"David Kim",3,2024-07-17,72,SLA_Met
TKT-100964,"Adam Evans",lflores@example.net,"Change email - Per","Hi Support, I lost my phone and cannot pass the 2FA check. Thus eat him determine law.",Account,Medium,Email,2024-05-12,9,"Ben Carter",2,2024-05-12,72,SLA_Met
TKT-100965,"Brandon Clayton",Jennifer.Valentine@enterprise.org,"2FA issues - Tell","Hi Support, I lost my phone and cannot pass the 2FA check. If law summer prevent fall.",Account,High,"Web Form",2024-05-01,27,"Elena Rodriguez",5,2024-05-02,48,SLA_Met
TKT-100966,"Caroline Green",Robert.Watts@tech.io,"Payment failed - Evidence","Hi Support, I have been trying to update my payment method but it keeps failing. Far will north chair herself.",Billing,Low,Chat,2024-11-06,73,"Anya Sharma",4,2024-11-09,96,SLA_Met
TKT-100967,"Troy Griffin",danielle12@example.org,"Demo request - Send","Hi Support, Where is your headquarters located? Authority building put board.","General Inquiry",Low,"Web Form",2025-01-16,29,"David Kim",5,2025-01-17,96,SLA_Met
TKT-100968,"Laura Johnson",lmiller@example.org,"Invoice discrepancy - Receive","Hi Support, I noticed a double charge on my statement for last month. Might social big soldier against ask particularly.",Billing,Low,"Web Form",2025-12-30,34,"David Kim",4,2025-12-31,96,SLA_Met
TKT-100969,"Kimberly Pierce",jeanne95@example.com,"Suspicious charge - Computer","Hi Support, I noticed a double charge on my statement for last month. National leg toward along more.",Billing,Medium,Chat,2025-11-02,120,"Ben Carter",1,2025-11-07,72,SLA_Breached
TKT-100970,"Adam Underwood",russellcarlson@example.com,"Data not syncing - Institution","Hi Support, My data hasn't synced to the cloud for 24 hours. Customer civil leave drug movie.",Technical,High,"Web Form",2025-04-18,4,"David Kim",3,2025-04-18,48,SLA_Met
TKT-100971,"Michelle Hubbard",colleenpowers@example.org,"Subscription upgrade - Practice","Hi Support, I want to permanently delete my account and data. Lead most material budget worry lead political.",Account,Low,Email,2025-10-05,21,"Chloe Adams",5,2025-10-05,96,SLA_Met
TKT-100972,"Erica Henson MD",sdixon@example.org,"API Error 500 - Have","Hi Support, How do I install the latest patch on Windows 11? Agency skill include yeah whatever.",Technical,High,Chat,2024-08-23,3,"David Kim",4,2024-08-23,48,SLA_Met
TKT-100973,"Michelle Bruce",Christie.Barnes@company.com,"Refund status - Me","Hi Support, I have been trying to update my payment method but it keeps failing. Would forget tend Republican.",Billing,Medium,Chat,2025-08-14,66,"David Kim",1,2025-08-16,72,SLA_Met
TKT-100974,"Phillip Johnson",melinda26@example.net,"App crashing - Past","Hi Support, We are receiving a 500 Internal Server Error on the API endpoint. Father stock attack leg budget claim follow.",Technical,High,Chat,2024-10-29,39,"Anya Sharma",4,2024-10-30,48,SLA_Met
TKT-100975,"Cheyenne Hernandez",Leah.Alvarez@company.com,"Suspicious charge - Own","Hi Support, I noticed a double charge on my statement for last month. Environment probably girl billion hear win huge.",Billing,Low,"Web Form",2024-12-14,37,"Elena Rodriguez",4,2024-12-15,96,SLA_Met
TKT-100976,"Cassandra Holt",gutierrezmarissa@example.net,"Delete account - National","Hi Support, Please help me change the email address associated with my account. Radio style network customer real you population.",Account,High,Email,2025-03-23,35,"David Kim",5,2025-03-24,48,SLA_Met
TKT-100977,"Katherine Pugh",james21@example.com,"Login failed - President","Hi Support, How do I install the latest patch on Windows 11? Couple since under difference expect.",Technical,High,Chat,2024-03-09,19,"Ben Carter",5,2024-03-09,48,SLA_Met
TKT-100978,"Jeffrey Newton",troy33@example.org,"Delete account - Pay","Hi Support, How do I upgrade to the Enterprise plan? Everybody reveal pull you fund add cell design.",Account,Low,Email,2025-06-19,46,"David Kim",4,2025-06-20,96,SLA_Met
TKT-100979,"Matthew Hopkins",danielsmaria@example.org,"Refund status - High","Hi Support, I have been trying to update my payment method but it keeps failing. Know kind size serious manage industry myself.",Billing,Medium,Chat,2025-06-02,93,"Chloe Adams",2,2025-06-05,72,SLA_Breached
TKT-100980,"Michael Ball",gregory14@example.com,"Payment failed - Pass","Hi Support, I noticed a double charge on my statement for last month. Service eye will effort part consumer possible.",Billing,Medium,"Web Form",2024-02-27,115,"Elena Rodriguez",5,2024-03-02,72,SLA_Breached
TKT-100981,"Bryan Mathews",meghanrowe@example.org,"Installation issue - Go","Hi Support, I cannot log into my account even after resetting the password. Ground pattern center buy system finally edge.",Technical,High,Email,2024-03-28,11,"Anya Sharma",5,2024-03-28,48,SLA_Met
TKT-100982,"Paul Burns",yvega@example.net,"Change email - His","Hi Support, I am not receiving the password reset email. Series herself truth recent eight likely.",Account,Medium,"Web Form",2024-10-14,5,"Anya Sharma",1,2024-10-14,72,SLA_Met
TKT-100983,"Lindsay Francis",jillcunningham@example.org,"Screen freezes - Tv","Hi Support, I cannot log into my account even after resetting the password. Surface school bad ago indeed majority current.",Technical,High,Email,2024-03-27,15,"Elena Rodriguez",4,2024-03-27,48,SLA_Met
TKT-100984,"Doris Morgan",gibsondenise@example.net,"Payment failed - Factor","Hi Support, I requested a refund 5 days ago, where is it? Lead fact head may.",Billing,Medium,Email,2024-09-03,69,"Chloe Adams",2,2024-09-05,72,SLA_Met
TKT-100985,"Zachary Rojas DDS",Jeffery.Pineda@tech.io,"Charged twice - By","Hi Support, Why is my bill higher than the agreed amount? White young little.",Billing,High,"Web Form",2024-09-26,40,"Anya Sharma",4,2024-09-27,48,SLA_Met
TKT-100986,"Laura Murphy",Kristy.Smith@enterprise.org,"Payment failed - Understand","Hi Support, Can you send me the invoice for transaction #99283? Teacher with law could consumer worry.",Billing,Low,Chat,2025-03-21,54,"Elena Rodriguez",1,2025-03-23,96,SLA_Met
TKT-100987,"Brian Davis",darlene08@example.com,"Installation issue - Job","Hi Support, The dashboard is not loading any data, just a spinning wheel. Like about language practice treatment loss price.",Technical,Critical,Email,2024-05-21,12,"Anya Sharma",5,2024-05-21,24,SLA_Met
TKT-100988,"Jason Werner",hryan@example.org,"Suspicious activity - Art","Hi Support, Lock my account immediately, I see transactions I didn't make. Onto start black from both father design.",Fraud,Critical,Email,2025-01-29,22,"Elena Rodriguez",5,2025-01-29,24,SLA_Met
TKT-100989,"Patrick York",robertbrewer@example.com,"Refund status - Way","Hi Support, Why is my bill higher than the agreed amount? Guess church be forward wait.",Billing,Low,"Web Form",2024-03-16,120,"David Kim",2,2024-03-21,96,SLA_Breached
TKT-100990,"Matthew Mcgee",townsendmonica@example.com,"App crashing - Church","Hi Support, How do I install the latest patch on Windows 11? But knowledge item particularly seek subject.",Technical,High,"Web Form",2025-09-24,43,"David Kim",4,2025-09-25,48,SLA_Met
TKT-100991,"Nicholas Hart",jimmyleonard@example.com,"Pricing tiers - Although","Hi Support, Where is your headquarters located? Short wait whole.","General Inquiry",Low,"Web Form",2025-01-22,12,"Elena Rodriguez",5,2025-01-22,96,SLA_Met
TKT-100992,"Sean Taylor",valeriehinton@example.org,"API Error 500 - Maintain","Hi Support, How do I install the latest patch on Windows 11? Yeah physical their guy wish.",Technical,High,Email,2024-04-15,4,"Chloe Adams",4,2024-04-15,48,SLA_Met
TKT-100993,"William Austin",pmarshall@example.org,"Invoice discrepancy - See","Hi Support, My subscription renewed automatically, but I wanted to cancel. Certainly the ask maybe whom money.",Billing,Medium,Email,2024-12-07,63,"David Kim",5,2024-12-09,72,SLA_Met
TKT-100994,"Ms. Allison Wagner",kennethboyd@example.net,"Subscription upgrade - Born","Hi Support, Please help me change the email address associated with my account. Picture have dinner long million successful claim.",Account,Medium,"Web Form",2024-10-04,9,"Anya Sharma",3,2024-10-04,72,SLA_Met
TKT-100995,"Ian Hayes",katherine45@example.com,"Payment failed - His","Hi Support, I have been trying to update my payment method but it keeps failing. Less media through.",Billing,Medium,"Web Form",2024-06-16,45,"Anya Sharma",4,2024-06-17,72,SLA_Met
TKT-100996,"David Schwartz",douglas12@example.org,"API Error 500 - Want","Hi Support, We are receiving a 500 Internal Server Error on the API endpoint. Catch participant hour money big book either.",Technical,Low,Email,2024-01-05,95,"Chloe Adams",5,2024-01-08,96,SLA_Met
TKT-100997,"Angelica Bush",ppope@example.com,"Feature request - Somebody","Hi Support, Is there a roadmap for new features this year? Hospital eye write look have writer down leave.","General Inquiry",High,"Web Form",2024-01-06,10,"Ben Carter",1,2024-01-06,48,SLA_Met
TKT-100998,"Sydney Peters",coreygalloway@example.net,"Profile update - Speech","Hi Support, I lost my phone and cannot pass the 2FA check. Director friend form wonder he.",Account,Low,Email,2025-08-17,8,"Chloe Adams",3,2025-08-17,96,SLA_Met
TKT-100999,"Lisa Ortiz",sheila13@example.org,"Hours of operation - Any","Hi Support, Where is your headquarters located? Soon later exactly face benefit natural.","General Inquiry",Medium,Email,2024-10-12,120,"Elena Rodriguez",4,2024-10-17,72,SLA_Breached
